,open,close,min,max
0,429.17,426.47,421.96,436.49
1,426.47,431.54,421.73,435.67
2,431.54,441.21,425.03,444.62
3,441.21,453.82,437.78,454.9
4,453.82,457.32,450.73,465.0
5,457.32,451.15,446.55,461.8
6,451.15,445.5,441.01,452.87
7,445.5,432.0,427.01,450.44
8,432.0,424.74,416.0,436.36
9,424.74,422.15,419.66,435.0
10,422.15,406.0,406.0,423.29
11,406.0,388.8,386.33,412.5
12,388.8,389.81,385.03,397.88
13,389.81,371.12,365.51,393.34
14,371.12,369.84,357.02,382.84
15,369.84,372.79,352.5,377.97
16,372.79,391.06,367.24,392.5
17,391.06,377.51,375.01,393.31
18,377.51,378.35,376.01,390.0
19,378.35,404.76,375.01,407.0
20,404.76,413.0,401.04,420.0
21,413.0,425.93,405.9,428.0
22,425.93,406.29,405.0,425.95
23,406.29,397.4,392.47,414.49
24,397.4,374.82,372.73,401.04
25,374.82,391.12,371.25,394.81
26,391.12,403.0,379.85,406.15
27,403.0,393.67,384.0,407.33
28,393.67,388.77,386.66,398.0
29,388.77,367.46,365.55,389.35
30,367.46,372.99,360.03,373.0
31,372.99,376.0,370.54,386.0
32,376.0,362.66,362.66,381.8
33,362.66,371.52,362.57,379.27
34,371.52,372.98,365.65,374.8
35,372.98,393.39,372.13,393.89
36,393.39,382.52,380.24,393.76
37,382.52,370.98,365.0,382.37
38,370.98,375.49,369.17,377.8
39,375.49,378.85,369.01,378.9
40,378.85,382.0,375.01,387.0
41,382.0,385.91,372.25,386.3
42,385.91,399.83,385.01,400.0
43,399.83,402.28,394.16,412.5
44,402.28,407.59,395.23,408.33
45,407.59,418.99,404.7,420.1
46,418.99,419.51,412.51,426.21
47,419.51,428.18,412.0,429.87
48,428.18,443.82,428.12,445.0
49,443.82,447.85,435.52,451.6
50,447.85,441.0,428.01,450.95
51,441.0,429.98,426.5,443.01
52,429.98,413.87,411.0,431.3
53,413.87,426.4,409.69,430.0
54,426.4,436.0,419.83,437.85
55,436.0,434.57,422.1,438.6
56,434.57,436.31,430.51,445.0
57,436.31,428.26,425.11,438.08
58,428.26,423.04,416.4,429.33
59,423.04,406.21,402.0,423.92
60,406.21,394.0,389.0,410.14
61,394.0,407.5,392.01,407.5
62,407.5,410.45,400.1,416.0
63,410.45,416.82,406.0,418.24
64,416.82,408.29,408.29,423.6
65,408.29,415.76,406.38,418.82
66,415.76,412.17,411.95,420.6
67,412.17,411.8,403.01,413.2
68,411.8,417.41,406.0,419.72
69,417.41,427.9,413.03,427.9
70,427.9,416.4,415.0,431.0
71,416.4,415.28,406.51,416.7
72,415.28,533.91,414.12,546.12
73,533.91,537.74,532.13,544.0
74,537.74,575.0,537.78,575.0
75,575.0,585.95,566.0,585.96
76,585.95,574.83,560.1,593.89
77,574.83,565.93,564.64,586.47
78,565.93,583.58,565.0,588.6
79,583.58,573.87,570.22,592.08
80,573.87,579.5,561.3,581.99
81,579.5,575.48,569.97,585.15
82,575.48,584.07,572.5,589.56
83,584.07,622.47,582.72,622.5
84,622.47,629.54,608.66,634.01
85,629.54,647.92,628.0,652.51
86,647.92,654.18,635.1,676.0
87,654.18,667.9,651.4,685.0
88,667.9,688.2,658.0,699.33
89,688.2,705.02,660.0,705.69
90,705.02,693.96,680.52,719.0
91,693.96,696.09,676.3,696.09
92,696.09,689.15,676.0,707.55
93,689.15,663.22,656.51,690.97
94,663.22,678.01,661.21,693.92
95,678.01,698.24,667.89,699.4
96,698.24,734.2,698.22,736.9
97,734.2,738.0,722.11,742.0
98,738.0,740.5,727.2,755.0
99,740.5,772.8,738.01,774.74
100,772.8,762.02,760.0,780.0
101,762.02,715.0,712.01,765.5
102,715.0,749.87,702.01,751.71
103,749.87,737.98,729.25,762.0
104,737.98,756.95,720.0,759.94
105,756.95,787.36,748.0,788.88
106,787.36,753.33,739.0,789.78
107,753.33,758.55,743.1,775.0
108,758.55,741.0,721.0,760.07
109,741.0,710.15,675.5,744.09
110,710.15,664.37,645.34,717.0
111,664.37,659.02,635.37,685.9
112,659.02,670.02,636.31,676.9
113,670.02,673.85,656.1,688.32
114,673.85,626.8,620.11,673.57
115,626.8,623.12,610.0,640.33
116,623.12,594.05,588.88,634.54
117,594.05,595.0,555.56,596.9
118,595.0,591.0,570.03,602.0
119,591.0,616.0,560.0,616.0
120,616.0,609.9,603.0,639.0
121,609.9,653.98,608.7,655.0
122,653.98,660.52,636.14,679.99
123,660.52,669.94,640.1,675.0
124,669.94,685.99,634.51,690.36
125,685.99,660.26,655.57,698.0
126,660.26,651.0,640.11,671.96
127,651.0,622.0,614.33,657.1
128,622.0,641.37,614.33,649.9
129,641.37,649.77,625.01,655.14
130,649.77,636.79,635.16,664.26
131,636.79,633.15,621.58,654.99
132,633.15,648.27,624.46,649.99
133,648.27,674.4,648.6,677.0
134,674.4,678.2,663.74,690.62
135,678.2,688.0,668.0,688.0
136,688.0,699.99,687.47,706.98
137,699.99,658.78,651.0,702.3
138,658.78,670.99,644.1,675.2
139,670.99,669.79,655.3,684.44
140,669.79,639.57,637.02,682.9
141,639.57,640.42,625.1,655.4
142,640.42,618.19,610.1,642.12
143,618.19,649.46,610.1,651.0
144,649.46,655.79,645.3,666.66
145,655.79,633.87,620.0,664.0
146,633.87,657.27,633.34,662.6
147,657.27,672.53,643.4,679.9
148,672.53,661.56,655.0,678.0
149,661.56,660.82,649.89,668.1
150,660.82,688.57,659.12,689.96
151,688.57,672.61,666.02,688.25
152,672.61,666.45,654.97,678.59
153,666.45,641.11,639.41,668.0
154,641.11,663.08,640.02,664.15
155,663.08,647.08,640.56,664.41
156,647.08,655.13,646.44,662.78
157,655.13,634.52,633.66,660.49
158,634.52,623.95,621.25,639.59
159,623.95,609.46,605.89,627.35
160,609.46,609.51,595.0,615.29
161,609.51,591.99,579.0,614.5
162,591.99,587.0,582.0,599.75
163,587.0,574.72,562.99,590.02
164,574.72,584.01,569.0,590.69
165,584.01,573.98,567.23,586.91
166,573.98,615.02,570.61,618.65
167,615.02,634.99,610.55,636.16
168,634.99,615.96,595.36,640.0
169,615.96,598.01,591.0,617.93
170,598.01,610.97,575.0,616.87
171,610.97,618.87,609.63,622.87
172,618.87,643.96,618.06,646.86
173,643.96,629.42,627.84,645.8
174,629.42,658.15,628.0,672.2
175,658.15,687.03,652.6,690.92
176,687.03,722.08,678.88,722.6
177,722.08,713.64,687.6,724.0
178,713.64,726.6,710.94,746.55
179,726.6,700.0,698.21,754.66
180,700.0,714.0,676.0,714.0
181,714.0,737.64,700.01,738.0
182,737.64,694.22,689.61,743.06
183,694.22,736.0,687.6,745.0
184,736.0,753.18,730.0,763.85
185,753.18,734.64,711.16,759.99
186,734.64,732.63,727.61,753.91
187,732.63,747.75,720.0,748.0
188,747.75,763.63,742.51,779.21
189,763.63,766.88,744.59,769.99
190,766.88,784.1,760.31,785.0
191,784.1,792.72,762.89,793.0
192,792.72,830.5,784.36,830.5
193,830.5,900.36,825.0,914.0
194,900.36,860.24,858.62,920.0
195,860.24,928.38,861.96,940.0
196,928.38,978.95,927.02,983.0
197,978.95,930.01,930.0,981.0
198,930.01,1000.0,929.5,1005.0
199,1000.0,1025.9,991.5,1035.0
200,1025.9,1082.9,1013.5,1085.5
201,1082.9,1108.0,1060.6,1140.0
202,1108.0,1149.6,1090.0,1166.0
203,1149.6,970.0,902.88,1149.9
204,970.0,943.3,850.79,981.57
205,943.3,975.88,920.0,1025.0
206,975.88,890.82,871.0,999.0
207,890.82,860.02,860.0,925.34
208,860.02,894.39,815.0,897.0
209,894.39,926.4,861.0,943.6
210,926.4,904.56,875.0,929.1
211,904.56,850.6,850.6,923.66
212,850.6,822.67,787.03,875.0
213,822.67,755.0,755.0,824.0
214,755.0,818.79,735.0,818.8
215,818.79,821.8,775.61,832.39
216,821.8,825.6,800.03,838.54
217,825.6,900.05,813.94,906.0
218,900.05,895.8,847.23,913.85
219,895.8,918.72,883.06,924.99
220,918.72,914.99,892.0,939.9
221,914.99,909.04,890.0,928.87
222,909.04,914.94,884.2,917.64
223,914.94,949.98,905.0,950.0
224,949.98,970.24,946.91,989.81
225,970.24,988.33,970.1,1020.5
226,988.33,1019.2,987.63,1040.0
227,1019.2,1041.6,995.1,1048.0
228,1041.6,1044.3,1006.5,1070.0
229,1044.3,960.0,953.0,1078.0
230,960.0,968.82,936.34,998.0
231,968.82,969.99,941.0,992.1
232,969.99,980.8,959.9,1009.0
233,980.8,1026.0,976.0,1030.8
234,1026.0,1064.4,1023.7,1069.9
235,1064.4,1089.9,1040.1,1110.0
236,1089.9,1116.4,1089.5,1134.0
237,1116.4,1169.8,1116.4,1170.0
238,1169.8,1150.2,1110.0,1222.4
239,1150.2,1174.2,1133.6,1213.5
240,1174.2,1180.5,1130.7,1189.9
241,1180.5,1181.7,1170.0,1216.0
242,1181.7,1236.9,1182.4,1237.0
243,1236.9,1268.8,1212.0,1285.9
244,1268.8,1284.1,1251.4,1294.9
245,1284.1,1281.6,1240.0,1288.8
246,1281.6,1205.6,1185.0,1287.8
247,1205.6,1201.3,1185.0,1256.5
248,1201.3,1184.5,1160.7,1225.0
249,1184.5,1176.6,1136.0,1196.0
250,1176.6,1325.1,1167.1,1339.9
251,1325.1,1239.1,1067.2,1327.4
252,1239.1,1030.0,958.5,1293.0
253,1030.0,1099.9,961.0,1120.0
254,1099.9,1183.4,1071.0,1196.6
255,1183.4,1221.0,1152.0,1232.1
256,1221.0,1235.4,1206.7,1247.3
257,1235.4,1249.6,1218.9,1258.9
258,1249.6,1219.6,1210.1,1263.9
259,1219.6,1160.4,1132.5,1223.8
260,1160.4,1116.2,1085.4,1185.7
261,1116.2,1098.2,1086.9,1160.0
262,1098.2,1064.9,1052.7,1105.5
263,1064.9,971.6,962.12,1069.5
264,971.6,951.0,941.11,1005.5
265,951.0,1001.0,935.11,1016.8
266,1001.0,1019.2,969.4,1059.0
267,1019.2,1075.0,1009.7,1075.0
268,1075.0,1119.9,1064.4,1120.1
269,1119.9,1021.1,1002.6,1122.3
270,1021.1,1045.0,985.55,1055.0
271,1045.0,971.99,969.7,1053.0
272,971.99,953.34,928.0,995.37
273,953.34,939.7,888.2,959.0
274,939.7,983.79,925.11,984.44
275,983.79,986.99,950.11,1006.0
276,986.99,1043.1,979.2,1043.3
277,1043.1,1038.3,1016.2,1068.9
278,1038.3,1031.1,1008.5,1059.0
279,1031.1,1046.0,1021.2,1053.5
280,1046.0,1098.4,1035.0,1106.9
281,1098.4,1118.0,1070.0,1118.0
282,1118.0,1153.0,1102.5,1155.0
283,1153.0,1138.9,1124.0,1165.6
284,1138.9,1152.7,1111.2,1157.9
285,1152.7,1189.5,1149.1,1206.4
286,1189.5,1193.7,1176.7,1209.0
287,1193.7,1226.1,1171.0,1229.9
288,1226.1,1226.0,1208.0,1244.7
289,1226.0,1209.0,1163.3,1235.3
290,1209.0,1229.4,1190.0,1244.4
291,1229.4,1264.0,1227.0,1274.8
292,1264.0,1323.9,1255.0,1333.1
293,1323.9,1335.9,1290.0,1359.6
294,1335.9,1421.0,1330.2,1421.0
295,1421.0,1425.1,1366.0,1449.7
296,1425.1,1515.3,1400.1,1548.0
297,1515.3,1571.9,1473.0,1604.6
298,1571.9,1697.8,1543.1,1700.0
299,1697.8,1622.7,1519.0,1702.0
300,1622.7,1586.2,1505.0,1635.0
301,1586.2,1670.0,1551.1,1670.0
302,1670.0,1774.9,1645.1,1779.9
303,1774.9,1756.9,1711.0,1815.0
304,1756.9,1854.8,1752.0,1908.1
305,1854.8,1747.6,1700.2,1890.7
306,1747.6,1795.2,1666.0,1852.4
307,1795.2,1784.2,1719.0,1830.4
308,1784.2,1928.2,1766.3,1932.2
309,1928.2,1985.7,1920.6,2000.0
310,1985.7,2087.3,1966.3,2099.1
311,2087.3,2136.8,2000.1,2196.0
312,2136.8,2162.7,2118.3,2222.2
313,2162.7,2220.0,1978.0,2238.0
314,2220.0,2326.0,2181.2,2368.5
315,2326.0,2560.4,2325.0,2588.0
316,2560.4,2364.5,2250.2,2690.0
317,2364.5,2385.8,2141.1,2480.0
318,2385.8,2125.8,2007.0,2440.0
319,2125.8,1904.9,1810.0,2210.8
320,1904.9,2095.0,1904.5,2095.0
321,2095.0,2173.0,1950.0,2194.4
322,2173.0,2120.1,2080.1,2265.0
323,2120.1,2287.6,2000.0,2299.8
324,2287.6,2397.2,2205.0,2400.0
325,2397.2,2497.8,2347.6,2533.8
326,2497.8,2781.1,2480.0,2886.0
327,2781.1,2835.0,2676.0,2899.7
328,2835.0,2684.9,2527.0,2850.0
329,2684.9,2882.0,2662.7,2884.2
330,2882.0,2922.2,2711.1,3003.0
331,2922.2,2604.0,2570.0,2962.2
332,2604.0,2581.3,2284.4,2646.0
333,2581.3,2649.9,2534.0,2730.0
334,2649.9,2419.8,2280.0,2654.4
335,2419.8,2293.0,2103.1,2455.0
336,2293.0,2373.6,2046.0,2384.0
337,2373.6,2394.3,2257.8,2487.0
338,2394.3,2565.7,2386.0,2640.0
339,2565.7,2630.0,2420.0,2631.0
340,2630.0,2680.0,2622.5,2780.0
341,2680.0,2658.2,2554.8,2711.8
342,2658.2,2453.0,2431.7,2726.0
343,2453.0,2440.0,2368.3,2595.0
344,2440.0,2400.0,2258.7,2446.05106017
345,2400.0,2391.9,2207.8,2446.1
346,2391.9,2520.0,2388.1,2566.8
347,2520.0,2415.0,2360.91118938,2537.8
348,2415.0,2466.5,2291.0,2476.3
349,2466.5,2563.0,2466.6,2628.6
350,2563.0,2553.9,2477.9,2619.0
351,2553.9,2507.0,2436.1,2555.7
352,2507.0,2319.9,2305.0,2537.6
353,2319.9,2367.7,2182.0,2375.0
354,2367.7,2366.2,2190.0,2369.0
355,2366.2,2298.0,2288.5,2400.0
356,2298.0,2195.0,2138.0,2332.7
357,2195.0,2034.6,1975.7,2200.0
358,2034.6,1941.5,1939.4,2128.7
359,1941.5,1929.14918916,1826.2,1959.0
360,1929.14918916,2057.7,1852.0,2088.0
361,2057.7,2209.9,1972.8,2230.0
362,2209.9,2303.9,2139.0,2350.0
363,2303.9,2386.4,2240.0,2390.0
364,2386.4,2298.8,2213.9,2400.0
365,2298.8,2597.7,2290.0,2630.0
366,2597.7,2630.5,2557.9,2685.0
367,2630.5,2834.5,2606.0,2922.0
368,2834.5,2803.0,2641.3,2890.0
369,2803.0,2630.0,2615.0,2829.0
370,2630.0,2790.7,2620.2,2917.0
371,2790.7,2783.9,2720.0,2877.5
372,2783.9,2767.7,2655.0,2824.8
373,2767.7,2651.0,2633.0,2812.0
374,2651.0,2534.2,2511.0,2705.0
375,2534.2,2472.6,2417.0,2612.0
376,2472.6,2577.9,2404.0,2580.0
377,2577.9,2664.1,2525.0,2682.2
378,2664.1,2768.0,2651.0,2820.0
379,2768.0,2707.7,2680.8,2809.0
380,2707.7,2629.3,2582.9,2758.5
381,2629.3,2740.6,2614.0,2760.0
382,2740.6,2844.6,2696.3,2902.2
383,2844.6,2729.1,2604.0,2870.0
384,2729.1,2706.8,2663.0,2779.5
385,2706.8,2842.1,2610.0,2842.1
386,2842.1,3146.1,2820.0,3190.0
387,3146.1,3293.1,3100.3,3320.0
388,3293.1,3236.2,3155.8,3339.5
389,3236.2,3417.2,3190.0,3440.0
390,3417.2,3415.2,3340.0,3483.8
391,3415.2,3305.0,3235.1,3451.2
392,3305.0,3474.4,3290.1,3496.9
393,3474.4,3756.5,3458.4,3770.0
394,3756.5,3765.1,3707.2,3970.1
395,3765.1,4057.1,3759.8,4190.0
396,4057.1,4019.0,3834.2,4139.6
397,4019.0,4234.3,3951.0,4320.0
398,4234.3,4135.5,4075.7,4430.0
399,4135.5,4021.1,3832.5,4152.3
400,4021.1,4163.6,3925.1,4199.0
401,4163.6,4265.6,4030.0,4427.0
402,4265.6,4245.7,4205.0,4492.3
403,4245.7,4211.4,4152.0,4363.9
404,4211.4,4095.9,3954.0,4270.0
405,4095.9,4090.8,3907.0,4187.0
406,4090.8,4102.1,3951.3,4184.1
407,4102.1,4044.3,3951.0,4199.9
408,4044.3,3753.5,3750.1,4062.8
409,3753.5,3956.3,3599.0,3976.0
410,3956.3,4068.0,3855.0,4145.2
411,4068.0,4131.6,4045.0,4255.2
412,4131.6,4330.0,4093.2,4390.0
413,4330.0,4268.1,4240.7,4464.2
414,4268.1,4286.7,4175.0,4406.7
415,4286.7,4551.0,4276.7,4643.0
416,4551.0,4538.6,4481.0,4648.8
417,4538.6,4740.8,4510.7,4760.0
418,4740.8,4896.9,4660.0,4936.9
419,4896.9,4668.1,4530.0,4970.0
420,4668.1,4477.2,4400.1,4695.6
421,4477.2,4463.5,4331.0,4699.9
422,4463.5,4325.8,4253.0,4649.9
423,4325.8,4180.0,4052.0,4359.9
424,4180.0,4010.6,3925.0,4337.7
425,4010.6,4233.9,3900.1,4299.0
426,4233.9,4395.8,4233.0,4488.8
427,4395.8,4612.0,4391.7,4633.7
428,4612.0,4632.7,4455.1,4675.0
429,4632.7,4308.6,4211.0,4694.9
430,4308.6,4237.0,4105.0,4439.0
431,4237.0,4235.9,4151.0,4395.2
432,4235.9,4117.5,3974.1,4349.9
433,4117.5,4239.9,4012.3,4330.0
434,4239.9,4187.29184978,4123.0,4383.2
435,4187.29184978,4230.0,4152.5,4379.0
436,4230.0,3940.6,3917.7,4230.0
437,3940.6,3899.8,3781.0,4033.0
438,3899.8,3834.0,3731.7,3948.0
439,3834.0,3702.1,3702.1,3949.9
440,3702.1,3574.7,3505.0,3739.0
441,3574.7,3510.5,3413.4,3612.5
442,3510.5,3428.6,3258.0,3535.0
443,3428.6,3238.1,3204.7,3490.0
444,3238.1,3186.1,3179.7,3474.4
445,3186.1,3038.1,3030.0,3213.6
446,3038.1,3023.5,2980.4,3136.2
447,3023.5,3276.9,3025.2,3398.0
448,3276.9,3625.2,3267.7,3632.0
449,3625.2,3657.6,3455.0,3750.0
450,3657.6,3767.7,3629.9,3809.0
451,3767.7,3677.0,3525.0,3875.0
452,3677.0,3700.0,3511.1,3705.5
453,3700.0,3562.9,3465.1,3739.0
454,3562.9,3760.3,3530.2,3819.0
455,3760.3,4074.9,3766.2,4085.0
456,4074.9,4001.8,3900.1,4119.0
457,4001.8,3958.5,3836.2,4041.9
458,3958.5,3946.0,3829.0,4040.0
459,3946.0,3819.0,3800.0,4049.0
460,3819.0,3705.0,3683.1,3899.9
461,3705.0,3599.2,3560.0,3730.8
462,3599.2,3602.8,3520.0,3748.0
463,3602.8,3700.0,3490.0,3700.0
464,3700.0,3669.5,3643.0,3808.7
465,3669.5,3775.9,3615.5,3818.3
466,3775.9,3929.9,3745.3,3977.0
467,3929.9,3937.0,3838.0,3985.0
468,3937.0,4110.7,3929.9,4119.0
469,4110.7,4266.1,4109.8,4267.7
470,4266.1,4200.0,4120.0,4269.0
471,4200.0,4212.0,4024.4,4220.0
472,4212.0,4311.5,4140.0,4340.0
473,4311.5,4323.4,4275.0,4397.0
474,4323.4,4439.7,4248.6,4462.0
475,4439.7,4323.0,4286.6,4482.0
476,4323.0,4332.1,4210.1,4359.2
477,4332.1,4164.2,4133.0,4333.2
478,4164.2,4405.0,4133.0,4418.0
479,4405.0,4349.2,4309.0,4425.8
480,4349.2,4578.5,4346.5,4580.0
481,4578.5,4659.8,4541.6,4660.0
482,4659.8,4833.2,4633.3,4879.8
483,4833.2,4794.1,4732.0,4893.9
484,4794.1,4776.9,4716.4,4940.0
485,4776.9,4861.2,4715.0,4881.4
486,4861.2,5191.9,4836.2,5225.0
487,5191.9,5386.4,5101.5,5419.8
488,5386.4,5415.2,5250.1,5474.9
489,5415.2,5766.2,5395.0,5920.0
490,5766.2,5654.2,5410.0,5780.0
491,5654.2,5608.2,5551.9,5829.8
492,5608.2,5741.4,5500.0,5749.0
493,5741.4,5822.0,5630.0,5877.0
494,5822.0,5461.0,5460.0,5827.6
495,5461.0,5716.9,5450.0,5750.0
496,5716.9,5711.4,5570.0,5771.0
497,5711.4,5573.0,5511.0,5810.0
498,5573.0,5372.3,5323.6,5647.4
499,5372.3,5199.8,5114.0,5398.3
500,5199.8,5632.4,5168.3,5632.4
501,5632.4,5660.7,5532.1,5744.0
502,5660.7,5840.4,5603.3,5896.9
503,5840.4,5999.9,5840.0,6054.9
504,5999.9,6061.0,5923.5,6151.0
505,6061.0,5893.5,5887.0,6199.9
506,5893.5,5781.1,5780.0,6110.0
507,5781.1,5977.0,5705.0,6026.3
508,5977.0,5798.5,5769.4,6055.0
509,5798.5,5761.1,5621.0,5907.8
510,5761.1,5795.3,5732.6,6007.8
511,5795.3,5719.6,5537.0,5850.0
512,5719.6,5518.0,5516.0,5770.0
513,5518.0,5536.3,5365.3,5629.9
514,5536.3,5720.4,5400.0,5747.0
515,5720.4,5941.8,5680.0,5966.6
516,5941.8,5788.2,5773.0,6020.0
517,5788.2,5827.0,5681.0,5925.5
518,5827.0,5700.0,5632.0,5864.0
519,5700.0,6009.5,5677.5,6080.0
520,6009.5,6246.1,5950.0,6345.0
521,6246.1,6083.0,6083.0,6250.0
522,6083.0,6379.9,6006.2,6380.0
523,6379.9,6376.7,6283.0,6481.5
524,6376.7,6491.9,6344.5,6592.8
525,6491.9,6704.3,6448.8,6725.1
526,6704.3,6899.7,6696.0,6949.0
527,6899.7,6890.0,6753.0,7350.0
528,6890.0,6994.4,6765.0,7171.0
529,6994.4,7237.2,6820.0,7283.7
530,7237.2,7224.6,7100.0,7448.0
531,7224.6,7002.0,7000.1,7348.4
532,7002.0,7319.0,6930.1,7362.0
533,7319.0,7464.7,7272.0,7530.0
534,7464.7,7494.1,7316.4,7598.0
535,7494.1,7257.7,7090.0,7494.1
536,7257.7,7101.5,7100.1,7440.0
537,7101.5,7122.9,6911.0,7153.0
538,7122.9,7005.7,6948.0,7220.0
539,7005.7,7515.2,6984.0,7515.2
540,7515.2,7725.5,7425.0,7899.9
541,7725.5,7369.6,6977.4,7792.0
542,7369.6,7348.0,7125.0,7492.1
543,7348.0,7116.7,7000.0,7450.0
544,7116.7,7175.2,7033.0,7324.0
545,7175.2,6700.0,6671.0,7249.8
546,6700.0,6530.0,6510.5,6899.0
547,6530.0,6748.1,6405.0,6755.0
548,6748.1,6328.9,6258.0,6789.0
549,6328.9,6374.8,6163.2,6515.0
550,6374.8,6100.2,6100.1,6489.9
551,6100.2,5667.6,5652.0,6154.5
552,5667.6,6095.0,5400.2,6168.7
553,6095.0,6015.8,5869.4,6396.0
554,6015.8,5950.2,5932.0,6469.6
555,5950.2,6025.0,5921.0,6300.0
556,6025.0,5848.5,5550.7,6095.1
557,5848.5,6280.0,5780.0,6280.0
558,6280.0,6520.0,6134.5,6520.0
559,6520.0,6314.7,6303.0,6682.0
560,6314.7,6486.9,6185.2,6514.0
561,6486.9,6326.9,6301.0,6689.5
562,6326.9,6692.8,6301.0,6692.8
563,6692.8,6936.2,6691.9,6936.2
564,6936.2,7190.0,6916.3,7233.3
565,7190.0,7330.1,7059.0,7339.8
566,7330.1,7465.2,7326.8,7558.5
567,7465.2,7816.1,7460.0,7820.6
568,7816.1,7960.0,7704.4,8040.0
569,7960.0,7681.9,7505.0,8016.5
570,7681.9,7851.7,7681.9,7991.2
571,7851.7,7578.5,7412.0,7862.7
572,7578.5,7788.0,7500.0,7867.8
573,7788.0,8011.6,7650.0,8100.0
574,8011.6,8150.0,7925.0,8163.2
575,8150.0,8205.3,8138.0,8315.0
576,8205.3,8090.3,7755.6,8218.8
577,8090.3,8109.3,7938.0,8380.0
578,8109.3,8298.0,7968.0,8310.0
579,8298.0,8108.5,8073.6,8299.84852641
580,8108.5,7900.0,7900.0,8233.3
581,7900.0,8178.0,7871.0,8352.1
582,8178.0,8473.4,8131.6,8500.0
583,8473.4,8764.0,8404.0,8764.0
584,8764.0,8927.1,8746.9,9060.2
585,8927.1,9299.0,8922.0,9495.0
586,9299.0,9523.4,9124.1,9724.0
587,9523.4,9475.1,9231.0,9771.0
588,9475.1,9687.2,9449.0,9740.0
589,9687.2,9776.3,9580.8,9941.3
590,9776.3,10030.0,9750.2,10053.0
591,10030.0,10060.0,10020.0,10884.0
592,10060.0,10843.0,10048.0,10878.0
593,10843.0,10800.0,10075.0,11441.0
594,10800.0,10494.0,10262.0,10979.0
595,10494.0,9397.9,9000.0,10513.92484177
596,9397.9,10001.0,9360.0,10329.0
597,10001.0,10365.0,9510.1,10468.0
598,10365.0,9663.1,9650.91017103,10542.0
599,9663.1,9097.0,8801.0,9838.8
600,9097.0,9315.0,8821.0,9437.0
601,9315.0,9814.9,9315.0,9950.0
602,9814.9,9505.1,9370.1,10099.0
603,9505.1,10625.0,9505.0,10641.0
604,10625.0,10846.0,10401.0,10870.0
605,10846.0,10903.0,10621.0,11161.0
606,10903.0,10959.0,10665.0,11190.0
607,10959.0,11417.0,10755.0,11485.0
608,11417.0,11746.82594491,11402.0,11874.0
609,11746.82594491,10399.0,10300.0,11748.0
610,10399.0,11220.0,10161.0,11600.0
611,11220.0,11145.0,10718.0,11560.0
612,11145.0,11580.0,11024.0,11582.0
613,11580.0,11882.0,11405.0,11961.0
614,11882.0,11835.0,11437.0,11910.0
615,11835.0,12777.0,11793.0,12777.0
616,12777.0,12909.0,12200.0,12917.0
617,12909.0,13728.0,12757.0,13763.0
618,13728.0,14009.0,13139.0,14144.0
619,14009.0,14000.0,13750.0,14689.0
620,14000.0,15250.0,13553.0,15500.0
621,15250.0,15499.0,14445.0,15700.0
622,15499.0,16067.0,14851.0,16476.0
623,16067.0,15920.0,15193.0,17171.0
624,15920.0,15556.0,14023.0,16500.0
625,15556.0,13899.0,13800.0,16169.0
626,13899.0,14766.0,13722.0,15600.0
627,14766.0,15521.0,14568.0,16300.0
628,15521.0,14800.0,14230.0,15725.0
629,14800.0,14020.0,13010.0,14848.0
630,14020.0,13740.0,13256.0,14851.0
631,13740.0,13156.0,12730.63686141,13921.0
632,13156.0,14931.0,12929.0,15500.0
633,14931.0,14740.0,14480.0,15683.0
634,14740.0,16040.0,14305.0,16099.0
635,16040.0,16330.0,15396.0,16745.0
636,16330.0,17250.0,15750.0,17450.0
637,17250.0,16443.0,16210.0,17302.0
638,16443.0,17328.0,16284.0,17579.0
639,17328.0,16812.0,15800.0,17515.0
640,16812.0,16237.0,16101.0,17161.0
641,16237.0,16300.0,15632.0,16750.0
642,16300.0,16298.0,15955.0,16999.0
643,16298.0,17422.0,16227.0,17700.0
644,17422.0,17691.0,16944.0,18111.0
645,17691.0,17642.0,17050.0,17939.0
646,17642.0,18747.0,17621.0,18900.0
647,18747.0,19539.0,18729.0,19597.0
648,19539.0,18919.0,18622.0,19891.0
649,18919.0,18430.0,18010.0,19532.0
650,18430.0,18536.0,18100.0,19175.0
651,18536.0,18241.0,18202.0,18987.0
652,18241.0,17999.0,17255.0,18401.0
653,17999.0,16172.0,16120.0,18295.0
654,16172.0,15999.96210785,15675.0,17197.0
655,15999.96210785,16132.0,15821.0,17709.0
656,16132.0,16563.0,15500.0,16875.0
657,16563.0,16239.0,16000.0,17333.0
658,16239.0,15240.0,14801.0,16287.0
659,15240.0,13892.0,13756.0,15842.42999525
660,13892.0,13404.0,13005.0,14999.0
661,13404.0,13429.74349,12110.0,13713.0
662,13429.74349,12253.0,11555.0,14270.0
663,12253.0,12249.0,10700.0,12633.63754889
664,12249.0,13170.0,11730.0,13342.0
665,13170.0,13674.0,12505.0,14459.0
666,13674.0,14529.0,12521.0,14710.0
667,14529.0,14420.0,14151.0,14999.0
668,14420.0,13431.0,12800.0,14502.0
669,13431.0,12886.0,11600.0,13621.0
670,12886.0,13072.0,12008.0,13626.0
671,13072.0,13414.0,12675.0,14278.0
672,13414.0,15001.0,13334.0,15099.73877939
673,15001.0,15372.0,14561.0,15460.0
674,15372.0,15726.0,15301.0,16060.0
675,15726.0,15255.0,15015.0,16494.0
676,15255.0,15465.0,14454.0,15480.0
677,15465.0,13761.0,13550.0,15467.0
678,13761.0,14125.25588582,13145.0,14414.0
679,14125.25588582,14895.0,13333.0,15000.0
680,14895.0,14623.0,13826.0,15131.0
681,14623.0,13289.0,12823.0,14679.0
682,13289.0,12250.0,11863.0,13499.0
683,12250.0,12705.0,11651.0,13031.0
684,12705.0,12979.0,12166.0,13399.0
685,12979.0,13519.0,12873.0,14210.0
686,13519.0,13668.0,12777.0,13898.0
687,13668.0,14157.0,12795.0,14167.0
688,14157.0,14780.0,14082.0,15500.0
689,14780.0,15054.0,14500.0,15428.83091885
690,15054.0,14356.0,14104.0,15422.15785315
691,14356.0,14824.0,14060.0,15090.0
692,14824.0,16090.0,14725.0,16242.0
693,16090.0,16926.0,15780.0,17022.0
694,16926.0,16880.0,16251.0,17105.0
695,16880.0,15961.0,15930.0,17252.0
696,15961.0,15170.0,15170.0,16498.0
697,15170.0,14585.0,13755.0,15536.0
698,14585.0,15340.0,14381.0,15355.0
699,15340.0,14917.0,14122.0,15340.0
700,14917.0,13617.0,13564.0,14990.0
701,13617.0,14555.0,13300.0,14650.0
702,14555.0,13054.0,13000.0,14999.0
703,13054.0,13401.0,12639.0,13833.0
704,13401.0,13036.0,12921.0,14260.0
705,13036.0,13964.0,12751.0,14100.0
706,13964.0,14242.0,13370.0,14388.0
707,14242.0,13481.0,13305.0,14580.0
708,13481.0,13534.0,12874.34212454,13763.0
709,13534.0,13834.0,13300.0,14356.0
710,13834.0,12596.0,12573.0,13860.0
711,12596.0,11530.0,10891.0,12597.0
712,11530.0,12024.0,11325.0,12100.0
713,12024.0,10787.0,10779.0,12023.0
714,10787.0,11124.0,9940.0,11385.0
715,11124.0,11030.0,10200.0,11497.0
716,11030.0,10052.0,9750.0,11244.0
717,10052.0,9516.0,9231.1,10479.0
718,9516.0,10504.00123303,9412.96462525,10643.0
719,10504.00123303,10968.0,10503.0,11450.0
720,10968.0,10739.0,10631.0,11670.0
721,10739.0,11775.0,10515.0,11904.0
722,11775.0,10940.0,10805.0,11849.0
723,10940.0,11675.0,10647.0,11700.0
724,11675.0,11800.0,11011.81445337,11900.0
725,11800.0,12605.0,11534.0,12749.0
726,12605.0,12118.0,12116.0,13017.0
727,12118.0,11275.0,11170.0,12223.0
728,11275.0,11754.0,11015.0,11800.0
729,11754.0,10355.0,10176.0,11900.0
730,10355.0,10736.0,10009.0,10900.0
731,10736.0,9950.0,9900.0,10987.0
732,9950.0,11000.0,9901.1,11427.0
733,11000.0,11129.0,10430.0,11227.0
734,11129.0,11359.0,10858.0,11557.88958366
735,11359.0,11085.0,10845.0,11734.0
736,11085.0,10725.35076109,10430.0,11700.0
737,10725.35076109,11105.0,10276.0,11229.0
738,11105.0,11039.0,10751.0,11444.0
739,11039.0,12128.0,10898.0,12190.0
740,12128.0,11570.0,11411.0,12179.0
741,11570.0,11004.0,10775.0,11621.12308559
742,11004.0,10130.0,10130.0,11150.0
743,10130.0,9941.0,9860.4,10544.0
744,9941.0,10343.0,9760.0,10414.0
745,10343.0,9904.1,9842.0,10359.0
746,9904.1,9422.5,9250.0,9993.0
747,9422.5,8973.0,8941.0,9550.0
748,8973.0,9001.0,8775.0,9498.0
749,9001.0,8456.4,8430.0,9100.0
750,8456.4,8031.6,7960.0,8582.08256038
751,8031.6,8833.0,7990.0,8950.0
752,8833.0,8920.0,8510.0,9189.0
753,8920.0,9045.0,8180.0,9157.0
754,9045.0,9116.7,8975.0,9499.0
755,9116.7,8784.0,8415.0,9410.0
756,8784.0,8056.2,7900.0,8847.71970739
757,8056.2,7919.9,7809.0,8450.0
758,7919.9,7746.0,7656.1,8380.0
759,7746.0,7422.0,7215.0,7808.62633374
760,7422.0,6975.0,6908.0,7510.0
761,6975.0,7271.5,6651.0,7469.0
762,7271.5,6485.3,6470.0,7335.0
763,6485.3,6271.0,6051.0,6646.0
764,6271.0,6350.7,6000.0,6700.0
765,6350.7,6510.0,6108.3,6950.0
766,6510.0,7197.8,6282.0,7248.0
767,7197.8,6971.5,6856.1,7420.0
768,6971.5,7630.9,6802.0,7748.9
769,7630.9,7692.9,7402.1,7880.0
770,7692.9,7747.6,7175.1,7750.0
771,7747.6,8422.8,7747.8,8488.9
772,8422.8,8180.0,7902.4,8430.0
773,8180.0,8010.0662901999995,7535.0,8279.0
774,8010.0662901999995,8525.0,7878.2,8619.4
775,8525.0,8397.9,8062.0,8648.9
776,8397.9,7840.0,7825.1,8490.0
777,7840.0,8488.7,7724.9,8500.0
778,8488.7,8940.6,8301.1,9021.0
779,8940.6,8643.9,8486.0,9074.9
780,8643.9,8170.1,8155.0,8795.8
781,8170.1,8035.8,7951.0,8587.9
782,8035.8,8382.1,7851.0,8496.0
783,8382.1,8746.1,8000.0,8850.0
784,8746.1,8942.1,8514.9,8955.7
785,8942.1,8495.0,8313.52192073,9000.0
786,8495.0,8907.4,8441.0,8918.0
787,8907.4,9244.0,8738.1,9319.3
788,9244.0,9854.2,9145.0,9855.0
789,9854.2,9902.8,9470.3,9946.0
790,9902.8,10070.0,9850.0,10176.0
791,10070.0,9810.6,9670.0,10271.0
792,9810.6,10531.0,9810.5,10598.0
793,10531.0,10736.0,10480.0,10860.0
794,10736.0,10890.0,10654.0,11250.0
795,10890.0,10451.0,10122.0,10986.0
796,10451.0,10620.88298171,10384.0,10889.0
797,10620.88298171,10939.99214934,10308.0,11050.0
798,10939.99214934,11162.0,10845.00644162,11250.0
799,11162.0,11312.0,11125.0,11660.0
800,11312.0,11272.0,11220.0,11788.0
801,11272.0,11006.0,10850.0,11407.0
802,11006.0,10621.0,10557.0,11188.0
803,10621.0,10305.0,10200.0,10682.0
804,10305.0,10150.0,10074.0,10915.0
805,10150.0,10090.0,9750.0,10333.0
806,10090.0,9710.0,9625.0,10125.0
807,9710.0,10200.0,9583.1,10237.0
808,10200.0,10326.0,9864.6667585,10395.0
809,10326.0,9659.6,9505.0,10500.0
810,9659.6,9592.86880891,9350.3,9803.0
811,9592.86880891,9556.1,9280.4,9840.0
812,9556.1,10137.0,9359.9,10246.0
813,10137.0,10326.0,10072.0,10439.0
814,10326.0,10612.0,10224.0,10888.0
815,10612.0,10523.0,10356.0,11065.0
816,10523.0,10387.0,10210.0,10699.0
817,10387.0,10945.0,10276.54876697,11095.0
818,10945.0,10870.0,10762.0,11189.0
819,10870.0,11499.0,10860.0,11499.0
820,11499.0,11130.0,11050.0,11530.0
821,11130.0,11505.0,11113.0,11623.0
822,11505.0,10959.0,10951.0,11700.0
823,10959.0,10714.0,10567.0,11039.0
824,10714.0,10339.0,10277.0,10899.0
825,10339.0,9661.0,9400.0,10365.0
826,9661.0,9689.0,9610.0,10097.0
827,9689.0,9884.1,9489.4,10112.0
828,9884.1,9354.2,9025.0,9904.0
829,9354.2,8788.0,8785.0,9471.0
830,8788.0,8773.2,8342.0,8865.0
831,8773.2,8995.0,8379.0,9143.9
832,8995.0,9300.1,8605.1,9355.0
833,9300.1,9250.7,8950.0,9506.4
834,9250.7,8555.0,8514.9,9500.0
835,8555.0,9116.1,8428.0,9164.2
836,9116.1,9562.0,9062.6,9729.0
837,9562.0,9545.3,9357.0,9716.25816923
838,9545.3,9152.1,9000.0,9900.0
839,9152.1,9150.79307285,8770.0,9280.0
840,9150.79307285,9169.8,8950.0,9482.4
841,9169.8,9162.3,8822.0,9321.6
842,9162.3,8816.0,8673.0,9439.6
843,8816.0,8272.93699474,8250.0,8819.1
844,8272.93699474,8300.0,7916.0,8404.3
845,8300.0,7800.5,7730.1,8312.0
846,7800.5,8222.3,7665.1,8279.0
847,8222.3,8199.0,7934.1,8418.0
848,8199.0,8249.3,7902.0,8394.0
849,8249.3,8496.6,8050.0,8604.5
850,8496.6,8266.7,8069.1,8598.8
851,8266.7,7974.9,7728.1,8285.0
852,7974.9,7772.0,7520.0,8029.0
853,7772.0,7424.5,7240.0,7823.2
854,7424.5,8129.9,7318.0,8141.0
855,8129.9,8211.0,8044.24778761,8467.05998033
856,8211.0,8599.9,8085.7,8635.0
857,8599.9,8370.7,8241.7,8717.0
858,8370.7,8575.0,8305.1,8684.0
859,8575.0,8889.0,8445.0,9040.0
860,8889.0,9151.5,8820.0,9177.5
861,9151.5,9003.0,8752.0,9151.5
862,9003.0,8548.5,8531.4,9045.6
863,8548.5,8424.9,8353.0,8771.994649600001
864,8424.9,8597.6,8271.1,8696.7
865,8597.6,8778.5,8556.0,9000.0
866,8778.5,8616.8,8556.0,9050.3
867,8616.8,8579.2,8364.8,8674.4
868,8579.2,8067.6,8030.0,8632.0
869,8067.6,8050.0,7835.9,8162.4
870,8050.0,7954.7,7716.6,8277.8
871,7954.7,7912.9,7811.1,8135.1
872,7912.9,8040.0,7702.1,8120.2
873,8040.0,7579.0,7516.0,8042.6
874,7579.0,7371.9,7326.4,7626.0
875,7371.9,7120.9,6883.0,7386.8
876,7120.9,6867.0,6657.0,7350.0
877,6867.0,6977.9,6614.92978566,7199.5
878,6977.9,6705.3,6657.77451239,7269.0
879,6705.3,6809.9,6533.0,6877.0
880,6809.9,6959.7,6740.0,7105.0
881,6959.7,7188.9,6943.1,7214.0
882,7188.9,6926.0,6810.0,7222.0
883,6926.0,6506.0,6425.1,6935.6
884,6506.0,7050.0,6478.4,7064.0
885,7050.0,6923.0,6843.9,7132.0
886,6923.0,7370.4,6891.9,7385.0
887,7370.4,7435.4,7262.5,7458.0
888,7435.4,7071.1,7000.2,7509.7
889,7071.1,6815.0,6725.0,7168.0
890,6815.0,6909.5,6564.9,6938.0
891,6909.5,6805.6,6610.6,6912.8
892,6805.6,6654.3,6500.2,6864.0
893,6654.3,6880.1,6520.1,6917.0
894,6880.1,6937.3,6782.8,7080.0
895,6937.3,6999.9,6856.0,7127.0
896,6999.9,7172.4,6981.0,7173.0
897,7172.4,6746.7,6700.0,7189.0
898,6746.7,6737.0,6611.0,6800.0
899,6737.0,6839.9,6650.0,6897.4
900,6839.9,6959.0,6794.0,7017.4
901,6959.0,7254.91575721,6753.0,7349.4
902,7254.91575721,7809.9,7246.2,8087.0
903,7809.9,7773.3,7600.0,7887.0
904,7773.3,7946.4,7653.6,8000.0
905,7946.4,8109.9,7914.4,8240.0
906,8109.9,8093.8,7820.5,8164.1
907,8093.8,8123.9,7859.0,8185.0
908,8123.9,8345.8,8064.13762715,8458.8
909,8345.8,7987.5,7900.3,8349.0
910,7987.5,7938.3,7917.6,8185.0
911,7938.3,7962.3,7823.0,8168.8
912,7962.3,8226.5,7949.9,8284.9
913,8226.5,8340.3,8162.0,8389.0
914,8340.3,8726.2,8262.6,8735.0
915,8726.2,8801.1,8697.3,9069.0
916,8801.1,8847.2,8616.0,8930.0
917,8847.2,8792.2,8751.08522139,9048.2
918,8792.2,9118.1,8769.0,9150.0
919,9118.1,9415.1,9117.4,9425.0
920,9415.1,9625.2,9187.1,9625.2
921,9625.2,9407.0,9200.5,9767.4
922,9407.0,8885.1,8857.4,9504.8
923,8885.1,8679.0,8652.2,9170.0
924,8679.0,8906.5,8665.0,8960.0
925,8906.5,9324.3,8835.0,9381.1
926,9324.3,9205.0,8872.0,9349.0
927,9205.0,9390.0,8750.0,9500.0
928,9390.0,9228.8,9180.0,9565.1
929,9228.8,9253.3,9100.0,9450.0
930,9253.3,9065.0,8817.97469512,9288.2
931,9065.0,9162.9,8968.3,9292.0
932,9162.9,9688.0,9162.8,9779.0
933,9688.0,9685.0,9542.5,9875.0
934,9685.0,9867.1,9650.0,9990.0
935,9867.1,9570.0,9454.0,9964.0
936,9570.0,9449.0,9182.7,9677.9
937,9449.0,9189.3,9045.3,9471.0
938,9189.3,9343.2,8980.0,9375.8
939,9343.2,8919.9,8870.0,9393.9
940,8919.9,8574.0,8565.0,9004.4
941,8574.0,8399.8,8333.8,8679.8
942,8399.8,8417.8,8204.40576219,8631.7
943,8417.8,8658.0,8318.3,8760.0
944,8658.0,8812.6,8271.0,8825.0
945,8812.6,8486.5,8472.5,8884.5
946,8486.5,8417.1,8100.0,8580.0
947,8417.1,8280.3,8121.7,8482.2
948,8280.3,8100.4,7925.0,8363.0
949,8100.4,8323.4,8036.7,8468.0
950,8323.4,8410.5,8290.3,8644.0
951,8410.5,7950.2,7840.3,8421.0
952,7950.2,7497.4,7441.8,7950.3
953,7497.4,7266.9,7260.0,7729.83193573
954,7266.9,7648.9,7260.0,7654.1
955,7648.9,7532.4,7318.2,7649.0
956,7532.4,7421.8,7211.1,7609.5
957,7421.8,7085.0,7040.0,7421.4
958,7085.0,7488.5,7051.0,7560.0
959,7488.5,7524.8,7270.5,7599.7
960,7524.8,7426.8,7329.18847938,7599.8
961,7426.8,7752.5,7390.0,7779.0
962,7752.5,7413.27632642,7409.92639719,7770.9
963,7413.27632642,7518.3,7372.0,7698.0
964,7518.3,7593.49465282,7491.7,7756.3
965,7593.49465282,7198.3,7175.0,7685.0
966,7198.3,6735.6,6630.0,7278.9
967,6735.6,6719.3,6618.9,6844.9
968,6719.3,6557.22577366,6550.0,6899.0
969,6557.22577366,6440.1,6370.0,6611.7
970,6440.1,6294.6,6107.87718467,6491.2
971,6294.6,6468.4,6214.26482243,6599.8
972,6468.4,6450.0,6450.0,6736.52103872
973,6450.0,6497.6,6300.2,6573.0
974,6497.6,6717.5,6370.76958739,6849.7
975,6717.5,6625.4,6560.0,6848.2
976,6625.4,6541.2,6530.9,6825.0
977,6541.2,6149.9,6075.0,6542.3
978,6149.9,6075.3,5910.8,6240.0
979,6075.3,5897.3,5825.0,6259.0
980,5897.3,6135.0,5755.0,6230.5
981,6135.0,6295.3,6068.5,6341.0
982,6295.3,6072.0,6050.2,6324.0
983,6072.0,6076.5,5984.9,6192.7
984,6076.5,5885.1,5780.0,6095.7
985,5885.1,6395.3,5870.0,6545.5
986,6395.3,6294.2,6260.0,6449.2
987,6294.2,6647.0,6275.0,6681.2
988,6647.0,6725.5,6414.1,6728.5
989,6725.5,6615.0,6525.0,6784.9
990,6615.0,6566.0,6423.4,6641.78437543
991,6566.0,6692.3,6511.0,6839.4
992,6692.3,6434.0,6427.4,6820.0
993,6434.0,6352.9727625,6260.1,6434.0
994,6352.9727625,6240.7,6079.9,6378.5
995,6240.7,6257.2,6125.0,6339.9
996,6257.2,6558.0,6205.6,6590.0
997,6558.0,6679.8,6555.2,6771.0
998,6679.8,7399.9,6679.8,7483.9
999,7399.9,7412.7,7271.6,7561.86906613
1000,7412.7,7346.9,7246.5,7588.0
1001,7346.9,7480.0,7300.0,7560.0
1002,7480.0,7234.4,7221.0,7685.2
1003,7234.4,7383.0,7223.3,7575.0
1004,7383.0,7703.3,7374.0,7820.0
1005,7703.3,7799.9,7597.8,7812.9
1006,7799.9,8199.0,7785.9,8199.0
1007,8199.0,8371.7,8111.0,8388.0
1008,8371.7,8140.0,8140.0,8506.7
1009,8140.0,8291.0,8073.0,8331.8
1010,8291.0,7899.2,7848.0,8310.0
1011,7899.2,8211.4,7815.08505617,8291.0
1012,8211.4,8274.7123155,8055.0,8313.3
1013,8274.7123155,8089.8,7861.2,8286.1
1014,8089.8,7839.4,7780.9,8227.2
1015,7839.4,7555.1,7551.0,7840.0
1016,7555.1,7597.9,7440.2,7671.352873999999
1017,7597.9,7302.0,7282.1,7713.0
1018,7302.0,7409.9,7283.6,7531.4
1019,7409.9,6985.0,6928.8,7420.0
1020,6985.0,6949.2,6890.0,7153.6
1021,6949.2,6930.6,6847.0,7150.0
1022,6930.6,6497.3,6360.5,6953.7
1023,6497.3,6251.9,6180.0,6559.0
1024,6251.9,6209.4,6128.2,6384.67837389
1025,6209.4,6426.1,6209.0,6628.0
1026,6426.1,6113.1,6010.0,6537.0
1027,6113.1,6116.0,6008.1,6194.5
1028,6116.0,6281.9,6070.3,6499.5
1029,6281.9,6488.9,6190.0,6548.3
1030,6488.9,5969.72187048,5950.0,6499.0
1031,5969.72187048,6001.9,5858.6,6071.0
1032,6001.9,6300.08884452,5980.9,6306.0
1033,6300.08884452,6310.18646963,6296.0,6483.0
1034,6310.18646963,6432.6,6284.5,6647.6
1035,6432.6,6258.4,6212.9,6476.7
1036,6258.4,6548.0,6232.8,6579.8
1037,6548.0,6458.1,6300.0,6619.5
1038,6458.1,6347.0,6310.0,6550.3
1039,6347.0,6421.0,6230.0,6445.97558278
1040,6421.0,6744.5,6400.0,6845.0
1041,6744.5,6417.7,6400.0,6899.0
1042,6417.7,6450.5,6250.3,6490.0
1043,6450.5,6599.0,6359.8,6599.0
1044,6599.0,6780.0,6559.8,6799.7
1045,6780.0,6743.3,6557.0,6780.00606382
1046,6743.3,7027.5,6722.3,7126.1
1047,7027.5,7022.1,6991.0,7139.4
1048,7022.1,6822.8,6802.1,7070.0
1049,6822.8,7045.0,6806.5,7100.0
1050,7045.0,7265.0,7028.1,7275.0
1051,7265.0,7290.0,7231.0,7429.2
1052,7290.0,7295.1,7185.0,7338.7
1053,7295.1,7373.4,7246.2,7415.4
1054,7373.4,7039.2,6921.5,7404.0
1055,7039.2,6704.3,6700.0,7039.5
1056,6704.3,6430.2,6302.2,6731.3
1057,6430.2,6499.2,6303.0,6538.9
1058,6499.2,6393.9,6322.8,6549.5
1059,6393.9,6382.0,6119.5,6458.9
1060,6382.0,6218.1,6211.6,6399.6
1061,6218.1,6408.3,6170.0,6443.6
1062,6408.3,6449.2,6355.2,6596.5
1063,6449.2,6489.9,6370.2,6572.2
1064,6489.9,6336.7,6202.8,6501.6
1065,6336.7,6269.8,6100.0,6384.0
1066,6269.8,6540.1,6269.5,6584.0
1067,6540.1,6738.7,6473.8,6784.9
1068,6738.7,6750.0,6502.2,6840.9
1069,6750.0,6614.1,6580.0,6785.9
1070,6614.1,6504.0,6328.0,6614.2
1071,6504.0,6708.1,6429.0,6745.0
1072,6708.1,6639.7,6541.9,6826.41966538
1073,6639.7,6638.7864081,6454.2,6662.8
1074,6638.7864081,6468.6,6424.6,6660.0
1075,6468.6,6593.8,6445.6,6648.8
1076,6593.8,6646.0293446999995,6525.0,6741.436643800001
1077,6646.0293446999995,6550.0,6513.52952635,6712.0
1078,6550.0,6268.1,6252.2,6561.0
1079,6268.1,6312.0,6220.3,6353.4
1080,6312.0,7006.23498683,6294.6,7250.0
1081,7006.23498683,6961.0,6852.5,7788.0
1082,6961.0,6923.4,6732.0,7100.0
1083,6923.4,6771.7,6640.0,6936.2
1084,6771.7,6605.38268126,6566.7,6794.0
1085,6605.38268126,6579.4,6511.0,6660.8
1086,6579.4,6528.5,6462.9,6626.3
1087,6528.5,6410.0,6410.0,6597.4
1088,6410.0,6287.1,6278.5,6443.9
1089,6287.1,6338.5,6242.1,6456.1
1090,6338.5,6478.172857199999,6323.0,6529.4
1091,6478.172857199999,6497.9,6460.0,6615.0
1092,6497.9,6400.8,6357.8,6502.9
1093,6400.8,6102.2,6100.0,6501.1
1094,6102.2,5980.8,5860.0,6162.3
1095,5980.8,5883.3,5678.0,6009.1
1096,5883.3,5459.1,5457.1,5901.6
1097,5459.1,5573.2,5432.0,5777.5
1098,5573.2,5679.9,5553.0,5745.6
1099,5679.9,5354.6,5264.9,5697.0
1100,5354.6,5061.9,5059.0,5409.1
1101,5061.9,4937.3,4855.0,5151.7
1102,4937.3,4509.3,4500.0,4941.3
1103,4509.3,4610.2,4411.0,4762.6
1104,4610.2,4702.3,4573.5,5021.0
1105,4702.3,4494.6,4303.5,4760.0
1106,4494.6,4658.8,4412.3,4787.3
1107,4658.8,4591.7,4460.0,4723.7
1108,4591.7,4329.0,4325.2,4648.2
1109,4329.0,4345.3,4210.0,4495.0
1110,4345.3,4185.4,4133.3011096,4529.0
1111,4185.4,3949.7,3819.4,4185.4
1112,3949.7,3798.1,3737.0,3981.7
1113,3798.1,3962.4,3657.6,4049.9
1114,3962.4,4161.8,3820.0,4233.2
1115,4161.8,3952.0,3929.5,4207.1
1116,3952.0,3901.1,3695.5,3990.2
1117,3901.1,3749.9,3701.3,3938.0
1118,3749.9,3794.2,3684.1,3908.18920891
1119,3794.2,4136.0,3793.5,4163.9
1120,4136.0,4399.8,4077.1,4444.0
1121,4399.8,4288.6,4167.2,4447.6
1122,4288.6,4197.0,4177.4,4488.0
1123,4197.0,4044.2,4020.0,4368.8
1124,4044.2,4140.0,3950.0,4164.0
1125,4140.0,4249.0,4135.7,4369.8
1126,4249.0,4041.9,3980.0,4293.0
1127,4041.9,3867.5,3830.1,4089.2
1128,3867.5,4021.0,3785.5,4135.9
1129,4021.0,3784.2,3750.0,4023.1
1130,3784.2,3842.9,3688.0,3922.7
1131,3842.9,3720.0,3632.5,3849.5
1132,3720.0,3400.4,3395.9,3730.0
1133,3400.4,3361.3,3359.2,3484.7
1134,3361.3,3394.0,3277.6,3630.0
1135,3394.0,3411.7,3381.2,3549.7
1136,3411.7,3532.08998342,3316.1,3800.1
1137,3532.08998342,3482.9,3481.5,3789.0
1138,3482.9,3427.41456305,3396.0,3604.2
1139,3427.41456305,3540.8816685,3381.8,3617.4
1140,3540.8816685,3375.2,3296.3,3567.6
1141,3375.2,3312.5,3224.0,3387.0
1142,3312.5,3375.6,3215.2,3380.6
1143,3375.6,3510.0,3280.0,3600.0
1144,3510.0,3554.4,3501.45965873,3744.8
1145,3554.4,3819.9,3546.9,3878.9
1146,3819.9,3947.8855688000003,3800.1,4043.0
1147,3947.8855688000003,3836.9,3780.1,3971.9496728
1148,3836.9,4188.1,3804.0,4230.0
1149,4188.1,4046.5,4020.0,4299.0
1150,4046.5,4152.3,4032.0,4300.0
1151,4152.3,4044.0,3902.0,4177.3
1152,4044.0,4191.3,3938.7,4216.0
1153,4191.3,4334.9,4033.0,4384.0
1154,4334.9,3965.4,3945.1,4368.0
1155,3965.4,3944.6,3812.1,3982.7
1156,3944.6,3865.0,3812.1,3990.0
1157,3865.0,3786.0223338,3686.0,3905.6
1158,3786.0223338,3982.5,3786.3,4095.0
1159,3982.5,3972.6,3838.9,4099.7
