,0,1,2
0,-0.006311086348701532,0.016912354679874696,0.01666031256459454
1,0.01181818163003071,0.02134305155504511,0.011053185939289414
2,0.022160746469092822,0.029859778662606386,0.01497285300113391
3,0.028179691072791904,0.030556661995626278,0.007744013413861629
4,0.007682721020645322,0.02433676193423249,0.006785791303863998
5,-0.013583486233259456,0.009748532246625941,0.023277220447431256
6,-0.01260263152964566,0.0038052301396742606,0.022227034021398757
7,-0.03077165866675366,0.011027635917960908,0.040665753359011646
8,-0.016948371229957394,0.010042002485445643,0.03636764417087479
9,-0.006116515898644031,0.02386881407453127,0.011889299382906983
10,-0.039007541513776285,0.0026968222249259843,0.03754290630925455
11,-0.043288087015448555,0.015883046173002933,0.04731123858559907
12,0.0025943683397450634,0.02308537969792919,0.009649792683832219
13,-0.049133980482540945,0.00901493687447875,0.06047219809025499
14,-0.003454980763518282,0.031091686884217415,0.03728913921258819
15,0.007944778737360603,0.021744347710678093,0.045819221495833264
16,0.04784574248079831,0.051521278805132624,0.01477800382018673
17,-0.035263942493679826,0.005737104099952324,0.04022241829830646
18,0.002222634736081774,0.03254968071924326,0.003965531554167885
19,0.06747460572102856,0.07299349230206437,0.008789067682188265
20,0.020153294099473557,0.03696041241585489,0.009148654631614381
21,0.03082742055762456,0.035675602620763976,0.017045185214303777
22,-0.04720782318326751,4.6954970192106054e-05,0.047970332932683005
23,-0.022123860217673336,0.019981658496584443,0.03344939141286411
24,-0.0584974193841829,0.009117842837531677,0.060227846939514884
25,0.04256850753685663,0.05195872578566069,0.009479499033678033
26,0.029922143676292912,0.037708131226572704,0.02840734931171839
27,-0.0234235670527705,0.01068710577720893,0.046068752089328716
28,-0.012525085778479739,0.010939010390525148,0.017650108849651125
29,-0.05637343992384406,0.0014907729075624857,0.05801116809486727
30,0.014937140441367128,0.014963950452226765,0.020018180414851428
31,0.008037533756938716,0.034285759831874915,0.00654706185320633
32,-0.03612338716401493,0.015307767901752815,0.03486385447123754
33,0.02413694228364694,0.04478259627477747,0.0002481355384177672
34,0.003922100393773733,0.00878985185474051,0.01567643698854869
35,0.053276687308142084,0.0545468835972006,0.0022763497195857217
36,-0.02802054673010062,0.0009401004313031998,0.032880838919373365
37,-0.030632786682809422,-0.0003922132644507485,0.04478360262697323
38,0.012083686892586014,0.018216802268876904,0.0048671056187981
39,0.008908508686264069,0.00904047833343653,0.01711023180008468
40,0.008280260229192813,0.02128434465239935,0.010084913584838873
41,0.010183573050330404,0.011193661065660453,0.025203272629555087
42,0.03543527511297968,0.035860365451076376,0.002329434742131597
43,0.006108906806394446,0.031196749004850383,0.014081416785582297
44,0.01311340361460782,0.014927307435812278,0.017373313107065677
45,0.02758528609799577,0.030231010984449014,0.007065439442821875
46,0.001240310236523871,0.017085129263212224,0.01534738695103439
47,0.020456304393169138,0.02439547387121392,0.017743487013827535
48,0.03587540690925485,0.03853061424766382,0.00014011816654941776
49,0.009039280093373013,0.017377757447675713,0.018528556494699117
50,-0.015413479474358376,0.006898113690512845,0.04334732835477205
51,-0.025306179468844073,0.004547467706946132,0.03235084125316709
52,-0.038186781125880136,0.0030652076757955666,0.04319510093609442
53,0.02982595799951295,0.03823329383548648,0.010049127743945263
54,0.022264370497399506,0.02649851311659877,0.015290568685938286
55,-0.003285206901492354,0.005945592634753543,0.031383092498092215
56,0.003995963428530594,0.023717245718698158,0.009299196649914177
57,-0.0186225120980018,0.004048542224011394,0.025345883957876184
58,-0.012263750554803868,0.0024953662128234847,0.027316929223641217
59,-0.04059646996543666,0.002078020961239777,0.04853798915863922
60,-0.03051935795989632,0.009628297569793396,0.04149432698296371
61,0.03369002338298355,0.03369002338298355,0.005038049112443795
62,0.007213186113357683,0.020644327580345984,0.017996594657904846
63,0.01540035513856933,0.018801311641581924,0.010783408544546937
64,-0.020676767702491952,0.01613513979440688,0.02025788548904867
65,0.018130464469833716,0.025463527117653418,0.004667139407927707
66,-0.008672285096219829,0.011574092568413078,0.00912220660245839
67,-0.0008980910102775044,0.0024958516415169406,0.0219804890110263
68,0.013531157596638815,0.019050027696021234,0.01398624197473987
69,0.02482057123244316,0.02482057123244316,0.01043860765486466
70,-0.027243186681957347,0.007218566680976696,0.029701734415933583
71,-0.0026933452218402083,0.0007202016875939115,0.023473529096290077
72,0.2512742939110304,0.2738857402975773,0.0027894020875785922
73,0.007147886543068272,0.018721961425938738,0.00332835011821927
74,0.06699486882427848,0.06699486882427848,-7.438815743952106e-05
75,0.01886442090726105,0.01888148706421883,0.01553094203087666
76,-0.01916011679489421,0.013459655323954729,0.043170970012191716
77,-0.015603949266567716,0.02004717098042062,0.01757168977193003
78,0.030711150370271556,0.03927644015622296,0.001641964016178545
79,-0.016778656180749182,0.014460214875789959,0.022635059815902466
80,0.009762772947134438,0.014050375620567188,0.021667471237391912
81,-0.006961187610974052,0.009702561840968724,0.016311453360777075
82,0.014816363490096476,0.024172020799724792,0.0051649247355117864
83,0.06367459574754078,0.06372278967993399,0.00230869968898511
84,0.011293959553236402,0.018369292777028423,0.021943283623690468
85,0.028777837981028457,0.03583707079020371,0.0024432434295470393
86,0.009615311005611022,0.04242584410222966,0.019593187112075184
87,0.020755918785244847,0.04603629531588005,0.004240590884223247
88,0.029941031631789867,0.04598427210095044,0.014713797441360678
89,0.024146677840828246,0.02509655421567003,0.04015917682317686
90,-0.015811849246080957,0.019635186516838436,0.03416061242120184
91,0.00306464036125807,0.00306464036125807,0.025129739115942726
92,-0.010020008178937506,0.016329336078995095,0.02845256969446288
93,-0.03835219395862992,0.0026374533446621258,0.0462752837190136
94,0.022055276912345097,0.04524991990523809,0.0030260853382957325
95,0.029400846110488148,0.031060787535112207,0.014815736478090764
96,0.05021858785808268,0.0538893145683023,2.8643036163751345e-05
97,0.005162353537738407,0.010567772104646506,0.016332793547611035
98,0.0033818091073810784,0.022773924648552275,0.014528100562909808
99,0.04269464919045479,0.04520185548722254,0.0033569519691313836
100,-0.014047480836940953,0.009273636785329253,0.016427474141947777
101,-0.06369025936735961,0.004556413036371168,0.0635644832306389
102,0.0476173154790567,0.050068068580389,0.01800476914459879
103,-0.01598313421081366,0.01604669751358175,0.027126817917549225
104,0.025380477095636986,0.02932275883319752,0.02407174076458589
105,0.039388376059780336,0.04131701696618584,0.01175441185766006
106,-0.044182198307996634,0.003068848547703177,0.05960805163638202
107,0.006905337384430188,0.02835965054367543,0.013488328223029705
108,-0.02340809089801473,0.002001818108003672,0.04831608990043083
109,-0.04252440996894984,0.004161369962933231,0.08470327226917666
110,-0.0666369921294229,0.009599625272483314,0.08733519979099241
111,-0.008085340142071908,0.03189262130756154,0.04272454404658255
112,0.01655367963011336,0.026769668458919746,0.033879801972778914
113,0.005699971529412481,0.02694628339360951,0.02056263179098648
114,-0.07238002373330259,-0.00041560909594685034,0.07673016851906865
115,-0.005888393870172569,0.02135615798296017,0.02644990463636231
116,-0.047775625707396824,0.018161210320870126,0.053492697011239376
117,0.0015979146413333716,0.004786104270307825,0.06277996880446372
118,-0.006745388139531538,0.011696039763191236,0.04110968422603992
119,0.04143094612742167,0.04143094612742167,0.05112407533308115
120,-0.009951954231109204,0.03665749084401513,0.02088429316692071
121,0.06978176064742322,0.07134022633284129,0.001965602598459127
122,0.009950633644953683,0.03900132222983309,0.026913677550326795
123,0.01416075254137713,0.021685287277742358,0.030446792946314846
124,0.02367489422399614,0.03002504452703769,0.051534331699875424
125,-0.03822935351950098,0.01735605240221169,0.04338957841127486
126,-0.014124054632090552,0.017565118101353704,0.03006186080996307
127,-0.04556954946938979,0.009326571695253014,0.05479942949256772
128,0.03066642074124687,0.04387841216112376,0.012255779886454902
129,0.013011940637087967,0.02124243977360357,0.02518799928821146
130,-0.020178523228230643,0.022055184981915967,0.022235820820557584
131,-0.005732569992666361,0.028180037453851257,0.023604631037369112
132,0.023599915340873506,0.026249617259336375,0.013631690548783009
133,0.03951613045015466,0.04336399667478399,-0.0005091767647676102
134,0.005618823003892658,0.023766338173259797,0.015683018979566667
135,0.014346608241805338,0.014346608241805338,0.014927834645846134
136,0.01727721129373342,0.027213539019960604,0.0007700522708403815
137,-0.060676409611491774,0.0032946139378974746,0.06764623166393739
138,0.018364594115386445,0.024619303666162003,0.022038963231311513
139,-0.0017900033121186051,0.01984675193279781,0.023114156671756737
140,-0.0461681548742927,0.01938420554819035,0.047766576394554054
141,0.0013281355712872365,0.02444966072015379,0.0223724361218254
142,-0.035328357543488176,0.0026509909953658516,0.0462573693944416
143,0.049345394806551424,0.05171378863620977,0.013001701870962681
144,0.009699367363988865,0.02613892244506121,0.006384894453921233
145,-0.033996729649361505,0.01244153373353391,0.053138219198118
146,0.03625100687469936,0.04432760377225723,0.0008357842270998755
147,0.02295182717820227,0.033850835564176104,0.020882866055551536
148,-0.016446037756847696,0.008100567793955547,0.02573183018610487
149,-0.0011191942970148897,0.00983718054183927,0.01748634221400237
150,0.04113549520580649,0.043152136803850695,0.0025692579913761176
151,-0.023451316425068737,-0.000464839275667182,0.03222420863503584
152,-0.00920054882328797,0.008851449146602791,0.02588818393694864
153,-0.03876406898785627,0.0023230554866185654,0.039771701990225165
154,0.033694597494494265,0.03530697851634132,0.0016987325932426884
155,-0.02442571209517195,0.0020037822431983156,0.033398720726905015
156,0.012363754762985053,0.02397317562055193,0.0009885697437768152
157,-0.03196488168422399,0.008148294577869869,0.03224656712212972
158,-0.01679857058639107,0.0079585385255882,0.020697762214595464
159,-0.023496917749696613,0.005434361651845264,0.028533642938775878
160,8.203647346198075e-05,0.009520382175526417,0.02344883581807582
161,-0.02916561282818466,0.00815357332846066,0.04884407018781753
162,-0.008464923021347784,0.013023158870359656,0.016734479316132162
163,-0.02114185415431631,0.005131614802218816,0.04008850582167858
164,0.016035140295516236,0.027408379428902764,0.009903470949112208
165,-0.01732355346234348,0.004953380127634246,0.028327349868072987
166,0.06906023509599388,0.07494513215303175,0.0058541158909120065
167,0.03195446313424722,0.03379531642520763,0.007241771285925657
168,-0.030427224376981914,0.007858925616523427,0.060540318649226085
169,-0.029574550141371617,0.0031931560736910285,0.03972261777946722
170,0.0214403819109846,0.031050828566249317,0.037755811315194794
171,0.012847376343201194,0.019289971146729142,0.002190832084185917
172,0.03974137790106736,0.04423465330605514,0.001307981293415886
173,-0.022837851953758967,0.002853245950081118,0.024724427421994297
174,0.04463410845108205,0.06575715487067078,0.00225350419902219
175,0.042945090519778566,0.04859117395366687,0.008397371280462583
176,0.049757976687495806,0.05047785932234457,0.01179284544650509
177,-0.011757302572188466,0.00265545630702529,0.04664590662856576
178,0.01799748628059894,0.0450839604661702,0.0037762810788491644
179,-0.037295784743696894,0.03789119690658143,0.03832838434109424
180,0.01980262729617973,0.01980262729617973,0.03371105734231166
181,0.03257293836733393,0.03306086226088821,0.01940434949902196
182,-0.06066698755306688,0.0073208944516474795,0.06308095623347751
183,0.05844120557502483,0.07059530522570814,0.00949070246503534
184,0.02307412432929576,0.03714131608285565,0.008119124438504191
185,-0.024923659752905267,0.009001032240902113,0.05428941228419229
186,-0.0027397837580327555,0.025892414183086937,0.009523816998886834
187,0.02042789796282341,0.020762178427243327,0.01709235123692329
188,0.021014681154921333,0.04121188841148179,0.006983249989170083
189,0.004246956746342368,0.00829414908543196,0.024627772549611373
190,0.022206227825555074,0.023353382371087257,0.008530691271352892
191,0.010933506513767557,0.011286658397971713,0.02669073322004567
192,0.046557859302705715,0.046557859302705715,0.010490747486579034
193,0.08076675429228806,0.09580264240080044,0.006600684031352093
194,-0.04558326326336688,0.021578986697448354,0.04531674270898437
195,0.07622971164736543,0.08866845518177863,-0.0020014435688068483
196,0.05303943697364583,0.05716798841753021,0.0014638454382446466
197,-0.051285229925618195,0.002091890862080928,0.048792596315594364
198,0.07255994020447316,0.07754748171551225,0.0005482308941791841
199,0.025570276111530045,0.03440142671733232,0.008464078412129364
200,0.05407235154066675,0.056470434224679296,0.012014484215741212
201,0.022913960672895327,0.051385634754207314,0.020383686414927906
202,0.036857467457585925,0.05102249960320864,0.01611494139240658
203,-0.16987326326738658,0.0002609262898040343,0.19442614865018606
204,-0.027911705841621053,0.011857259085046847,0.11591187031034268
205,0.03395526237854116,0.083063525916701,0.024400393755176105
206,-0.09119724117438922,0.02341515061420472,0.10208014830426564
207,-0.03518674206886483,0.03801885068362401,0.034012304917572
208,0.039186276867450534,0.04210021726770138,0.05102349682711668
209,0.035164185160185615,0.05356042587497487,0.036652714056848903
210,-0.023857469191741157,0.0029102688285360147,0.05399904332581443
211,-0.06150665480745639,0.020895400930861188,0.057941790577377764
212,-0.0333868346067159,0.02828190353808119,0.0720745669632077
213,-0.0858373989637926,0.001615381696654509,0.07904826403327268
214,0.08110989146890422,0.08112210453810965,0.026145280104322207
215,0.0036694157313804337,0.01647344027431858,0.05139282655591049
216,0.0046133382779888965,0.02016522790989423,0.026145829645304323
217,0.08633992260941523,0.0929289113156811,0.014024260739528114
218,-0.004733143563513843,0.015216126863737682,0.05702816567998258
219,0.02526422315949942,0.032065752869977454,0.014121741712397131
220,-0.00406826067864796,0.022792089693556467,0.02866903066466541
221,-0.006524038644297552,0.015055657353489646,0.026945462187903873
222,0.00646939174522232,0.009416059234380363,0.026958852707483202
223,0.03758244238642195,0.03760349523961063,0.010805510012090399
224,0.0211025318324996,0.04107207377647385,0.0032264364336840722
225,0.018473186502849643,0.050504518676002016,0.00014428378584469028
226,0.030756634741151874,0.05095934205867131,0.0007080147562827184
227,0.02173998663640582,0.027865580063088535,0.02337076065602488
228,0.0025888120311982604,0.0269006560016471,0.03314281536736641
229,-0.08416879902362094,0.03176066798343967,0.08381434111331323
230,0.00914555165970289,0.03881999184958202,0.02434702442637573
231,0.0012069260443523895,0.023745072534272084,0.028310785384250654
232,0.011082803016009963,0.03942925818767193,0.010348438819978208
233,0.04505446054876785,0.04972191359626295,0.004882027597308319
234,0.036743513372819316,0.04189743941384621,0.0022392065044301015
235,0.023674688791731933,0.04194875520284571,0.02257306378360045
236,0.024023273766901165,0.039665256392431354,0.00036693881707022786
237,0.04672357134675826,0.0468945261296346,0.0
238,-0.01689695372927155,0.043983345403330654,0.04985611921546076
239,0.020651224350431742,0.053572905887002135,0.014329118713912552
240,0.005351012895482082,0.013282205331022244,0.036376768882876095
241,0.001016002119402263,0.029628706000544732,0.008855212829732544
242,0.04565416973599415,0.04573501374751798,-0.0005925424476076534
243,0.0254633224996194,0.03885061289542919,0.019931023555745126
244,0.011986511956644644,0.02036190019421094,0.013620562820179155
245,-0.001948786523133517,0.003653469025536451,0.033766558269384905
246,-0.06113192900180911,0.004826038789988447,0.07266900260901273
247,-0.003573064584956295,0.04135270967136124,0.016942588016301746
248,-0.014083559128489255,0.019536540251497963,0.0332381612266573
249,-0.006691821168484637,0.00966191091173689,0.04012947956550422
250,0.11885900484023483,0.1299660608642069,0.008041690604874537
251,-0.06710261864814321,0.0017342134412342205,0.17783385261042164
252,-0.1848265073987657,0.04257979014941035,0.20412763731711225
253,0.06566046433938968,0.08376988306545874,0.06484187317993984
254,0.07317238467952265,0.0842649353928602,0.025935854975533284
255,0.0312785438681109,0.040328379388028704,0.026187802929000113
256,0.011724609151094226,0.021311020020958714,0.011643660432063243
257,0.01142869582362263,0.018843519510414825,0.013267593003817938
258,-0.024300563971321812,0.011378678567659254,0.031120800363637534
259,-0.049758162866850614,0.003437835914340499,0.06898193888100063
260,-0.038834713892915845,0.021568544216775957,0.06263003101454989
261,-0.016257583509560965,0.038489945746077066,0.025911163539216995
262,-0.030791577823434103,0.006625245452728777,0.04059614494239882
263,-0.09169197989332076,0.004310351501122042,0.09213797622674486
264,-0.0214301345826272,0.03429601208468923,0.03089890084246715
265,0.05124071676983018,0.06690165732985393,0.016570672559467835
266,0.01801850550267843,0.05632556628618591,0.031080393130328277
267,0.053302655743864176,0.053302655743864176,0.009277863319085453
268,0.04091873402688477,0.0410973054559305,0.009812167958896171
269,-0.09235891802715565,0.002140755433562249,0.09961136622226682
270,0.02313640783741901,0.0326602893486745,0.034223048646668926
271,-0.07242664805723843,0.007626347735064207,0.06957962116576626
272,-0.019373908213342325,0.02376901099086941,0.04426342656363119
273,-0.014410932739311372,0.00591946675510749,0.06609499062505923
274,0.045851784252944186,0.046512276191010456,0.015406933094238224
275,0.003247448027932686,0.022324891017721015,0.033661973210639975
276,0.05529242001202929,0.05548413780402758,0.007861699513627505
277,-0.00461228837251707,0.024433033597974867,0.02546159977402629
278,-0.006958566785510375,0.01974030629199816,0.028296608786241476
279,0.014347172100970508,0.021491760720346025,0.009555596091070814
280,0.04888120982889321,0.05658994976671013,0.010461341245369331
281,0.017686799261283102,0.017686799261283102,0.025527181548456422
282,0.030825866554014595,0.03255896924084939,0.013768816232539224
283,-0.012304356988753522,0.01086873461193587,0.024840677696984486
284,0.012044132326661433,0.016545135337921936,0.024030651039231844
285,0.03142603413604543,0.04553370164672485,0.003118235527949336
286,0.003524676357980422,0.016260520871780326,0.010703338237850944
287,0.026780673137348648,0.029875138147372145,0.01883794970221707
288,-8.156274218451921e-05,0.015056136768590704,0.014654352842578083
289,-0.013963265881364016,0.007557018046611372,0.049877120798188894
290,0.016732673858116425,0.028859914408689312,0.015593258092295136
291,0.027755050233893543,0.03626305807027211,0.0019502687800339274
292,0.04630063023680857,0.05322576141282846,0.007095023850603715
293,0.00902329605215515,0.026608612878349567,0.02528381692393557
294,0.06175562710133413,0.06175562710133413,0.004257709513232781
295,0.0028811375820657114,0.01999578935975126,0.03797487706331708
296,0.061371452462950046,0.08272178847050607,0.017390532874683055
297,0.03667163959207583,0.05726106517743895,0.027532735915873227
298,0.077048216569675,0.07834317231011513,0.01815595481845974
299,-0.04524186675837645,0.002470734829452094,0.10012833355208182
300,-0.022750209896271766,0.007551375785862863,0.07002354330103419
301,0.051482407761581445,0.051482407761581445,0.021887077906804248
302,0.06092045688350014,0.06373355652190651,0.014800115613208095
303,-0.010193190923292366,0.022341384404650295,0.035369101637772106
304,0.05422598114629717,0.08255709016528734,0.0027851213046867305
305,-0.05953345544002493,0.019170257336577408,0.08005929651090807
306,0.026873018251096486,0.058238677529316094,0.04563529470661936
307,-0.006146300848694066,0.019418085857101516,0.041570377513435425
308,0.07761678975059685,0.07968911460372614,0.009982516044542296
309,0.029384571562706775,0.03656025531180238,0.003933752484708226
310,0.049899867958873995,0.055537184626973976,0.00972243801567157
311,0.02343801804389043,0.05076615887756041,0.04092738828583242
312,0.012048058282891313,0.03918831335415709,0.008620542190016844
313,0.026149754787682535,0.03422516879322804,0.08195089158738077
314,0.04664285821228456,0.06474964749748138,0.017326502932356543
315,0.09601344218923871,0.10673532254218138,0.00042983022368199515
316,-0.07959691318391796,0.049377697328036374,0.11435757086943173
317,0.008967914763915157,0.04769197707509735,0.09028015291396915
318,-0.11538629574836413,0.02246354143940208,0.14736146118241156
319,-0.10971868835482894,0.03920623885962647,0.13850535999065652
320,0.09512403961158558,0.09512403961158558,0.00020996273238642276
321,0.036555147900191466,0.046355107267155346,0.06692231249284743
322,-0.02464544389151138,0.041466057660704804,0.04186332973108241
323,0.07603997567624285,0.08135890524964624,0.05510189021272064
324,0.04679815654286912,0.04796550429487598,0.035471106713187026
325,0.04110895484495464,0.055418762583922906,0.020479658784379486
326,0.10743618844688164,0.1444611159048314,0.007100999240363624
327,0.019195404285985967,0.04176075047169477,0.03709422512611088
328,-0.05439845386031884,0.005277057100843819,0.10313582063571523
329,0.07084101425793383,0.07160408182643642,0.008234467893847321
330,0.013852259678516688,0.04112729142386279,0.057607460971424544
331,-0.11528803290952415,0.013595478254888077,0.11379788894020908
332,-0.00875557634667341,0.01600034134644112,0.11576700927777667
333,0.026228755437409792,0.05600846119721893,0.018158237066121373
334,-0.09083701131181879,0.001696737016983887,0.13066870059117314
335,-0.0538238882494731,0.01444186912124342,0.12299483947659552
336,0.03454678611870766,0.03891874532733588,0.10230307715467792
337,0.008683122573460857,0.04666937482679265,0.047633927590264954
338,0.06914043330657269,0.097688004590289,0.0034605717372019084
339,0.024752500315164412,0.025132656183646938,0.05523376078864303
340,0.018832948333092178,0.055467081512872454,0.002847652612511697
341,-0.00816759251767007,0.011795826523306487,0.04565804315785304
342,-0.080337436728743,0.02518613126924571,0.08177170641285252
343,-0.005313725971241797,0.056274751341499694,0.03394639371958908
344,-0.016529301951210582,0.002476872709284577,0.07167233861581954
345,-0.0033807081594775523,0.0190261821497977,0.07703819865323766
346,0.05217087232890949,0.07057195769980075,0.0015874345383841448
347,-0.04255961441879589,0.007038662457345354,0.061217839150363
348,0.021100854587119966,0.025066223544547607,0.05007101561800528
349,0.03837830569027808,0.06365124337411487,-4.054410185227809e-05
350,-0.0035568448059500267,0.021614118143640823,0.032663954330225634
351,-0.018534783399827694,0.0007045561587834253,0.04509337134595345
352,-0.07756273787519395,0.012131933282235446,0.07749274392680165
353,0.020394938505854377,0.023473356185642048,0.05774255956739742
354,-0.000633726969391493,0.0005489053698315591,0.07236878876899268
355,-0.029246113410861335,0.014183444516474608,0.03230983110454121
356,-0.04585713289942925,0.014987215545809226,0.0673088317172792
357,-0.07588280714962387,0.0022753138371356054,0.09522734348883687
358,-0.04683836918792584,0.045212225378984304,0.04572883922163545
359,-0.006381799101067453,0.008973268772818758,0.057690506779957774
360,0.06450978310273087,0.07912759893187495,0.039212350321299945
361,0.07135841144587408,0.08041273128077904,0.04043119065507232
362,0.04165607347681699,0.061468062518945356,0.031578992979203045
363,0.035182615104462564,0.03669002682948001,0.027357914881459628
364,-0.037398706566952246,0.005682783135498155,0.06979152443094239
365,0.12223919048827867,0.13459659853822376,0.003820775749147959
366,0.012547504048996825,0.03305428982110002,0.015205060662456625
367,0.07469161259349644,0.10509437113978287,0.009270712505177324
368,-0.01117528259957007,0.019390947342119443,0.06593770058747354
369,-0.0637064259929781,0.009233020136778973,0.06491750746515974
370,0.059308614231796425,0.10357184469591121,0.0037193105230440174
371,-0.002439638134648379,0.030629401192431134,0.02501855512862679
372,-0.00583617190798784,0.01458474334521853,0.045261995592265396
373,-0.04307972307194495,0.015879323569585168,0.04752133055984697
374,-0.04505892192421775,0.020164984991556306,0.05146302724729672
375,-0.024607776791981166,0.030238206031513778,0.04520979699994128
376,0.04170488541446053,0.042519170342836574,0.027366181819551413
377,0.03289117550601443,0.03966223928955255,0.020312868439908885
378,0.03825874824425867,0.05687059543885775,0.004905182733185513
379,-0.02202547170785295,0.014703510366683548,0.031016855438390244
380,-0.029381914980492446,0.018587487682778313,0.04506014787245402
381,0.0414592234628858,0.048513028661981046,0.005802174073507927
382,0.03724558562402698,0.05729219554489185,0.016035091561895864
383,-0.04145057564000183,0.008889569617539133,0.0811940249237165
384,-0.008204759138055287,0.018299170897398263,0.0239317758836663
385,0.04877609016833391,0.04877609016833391,0.03513718026809928
386,0.1016203749820646,0.11547770125248587,0.007745863518197617
387,0.04566577985291127,0.053801192402065046,0.014452760249685994
388,-0.017429568395672897,0.013991724804310159,0.04084750207504753
389,0.05442170031175586,0.06107166940173634,0.014175060162268598
390,-0.0005854458337112912,0.019302149765897746,0.022340184833067534
391,-0.032799583157965544,0.010485940191139655,0.051391380464749635
392,0.04998532893482547,0.05644038842934098,0.00449818868918903
393,0.07806587058860313,0.0816531992214443,0.004594540588787688
394,0.002286748497023623,0.05530361047166189,0.013038546058691217
395,0.07469401135167066,0.10692631260994463,0.0014066753032820887
396,-0.009435317208708332,0.02013073213610848,0.05348457691793292
397,0.05218490971898072,0.07222228678895498,0.01677808911507617
398,-0.023609785036220833,0.04518155887099936,0.036771576061139455
399,-0.028052743108462588,0.004054157438804746,0.07070824137641285
400,0.03482458761781477,0.043290904660694844,0.02359353498263223
401,0.024202766343076224,0.06134206909082768,0.031583563151074065
402,-0.004676144951218665,0.0517819690401589,0.014106707545011688
403,-0.008111572068740204,0.027459446900139812,0.021829383656100453
404,-0.027808660605615033,0.013818693258239492,0.0593247822264814
405,-0.001245923426957899,0.021998013660327578,0.04508740313803778
406,0.002758487755344524,0.022551077100900683,0.03353236257943634
407,-0.014190555322074055,0.023561677776996682,0.03617260308972905
408,-0.07461974435207107,0.004563908700218034,0.07022018386841632
409,0.05262050703021525,0.05758755076340768,0.04033699614961628
410,0.027842233125178313,0.04664179326679002,0.02528242075957978
411,0.015513262964027892,0.04499028625965728,0.005637960760947973
412,0.046902800864057057,0.06066448593673857,0.009251294660368786
413,-0.01439877867130444,0.03052248492837625,0.020413770492466784
414,0.004348442817802855,0.03195734668024764,0.021578485506995725
415,0.059829782873607816,0.07984350287688756,0.0023300800438973194
416,-0.002728394581119824,0.021262132744254,0.015264142853624336
417,0.04358730338377875,0.04762907378994355,0.00612845269621168
418,0.03239645400879815,0.04053170601870437,0.016899925349533697
419,-0.04785021520038138,0.014817488262575484,0.07225084753429402
420,-0.04175428561260514,0.005873763376649468,0.05582340907157592
421,-0.00306463939569568,0.04854338086094271,0.03213251413236395
422,-0.03133611726021551,0.0409125023543972,0.04608202447938661
423,-0.034285847840399356,0.00785202694103298,0.061372248815308575
424,-0.04137039047586885,0.03703300718338819,0.05921636922487783
425,0.05418269804513774,0.06944158145334836,0.02717926195633594
426,0.03752598549510247,0.05846185134869129,0.00021254738115370506
427,0.048012062805776225,0.05270614542700467,0.0009322737921836498
428,0.004478249071223864,0.013567560333837667,0.03345406793287444
429,-0.07252682611584649,0.013336961700831365,0.08711929958764725
430,-0.01675755371776767,0.029816100489708224,0.04617181409232402
431,-0.0002596513604976386,0.0366575647144502,0.020094134041072596
432,-0.028349637214266192,0.026557036046681342,0.05997033471943063
433,0.029293500990419306,0.05032135894474017,0.02522855081337318
434,-0.012485495659576195,0.03323936718199126,0.02719815887728025
435,0.01014780465768517,0.044766199418759874,0.00827458545252335
436,-0.07086899707845624,0.0,0.07123149864211242
437,-0.010407726210380901,0.02317751991150068,0.03970275702860725
438,-0.017016625145896646,0.012283851801885686,0.04220162601059133
439,-0.03500841841126017,0.02978161751341466,0.0338241708345305
440,-0.03501896967128933,0.009917969782784,0.051871177676612076
441,-0.01812277906573676,0.010518796897647214,0.04413426382569274
442,-0.02360646288392284,0.006954821873369651,0.06945803413613374
443,-0.057165276551406,0.01774972162309217,0.06325985005147382
444,-0.016189139725029597,0.07043506419863753,0.017874561531379587
445,-0.04756527829059613,0.008594205748127335,0.04783167447233709
446,-0.004817219293081385,0.03177955594058222,0.018814034133428085
447,0.08048275280433963,0.11677192251860984,-0.0005624204075269134
448,0.1010116056630194,0.10288560720357674,0.0028035977528942297
449,0.00889773541986501,0.03384638078382991,0.0458803479392517
450,0.029657541091699272,0.04055949287811244,0.007544738835426872
451,-0.024367533390918725,0.028080927095256603,0.06242625125710283
452,0.006235617331043844,0.007721000090141495,0.04413008758751431
453,-0.03775799965666164,0.01048537634479791,0.061552648935663215
454,0.05392392145949662,0.06941378824986202,0.009136055723590178
455,0.08034746506140401,0.08282298685895242,-0.0015702559549426683
456,-0.01810194661416227,0.010764208939526057,0.042002185695147
457,-0.010879094270904046,0.0099706185475194,0.040548080253707486
458,-0.0031627580289277568,0.020379526343707405,0.032190687272051946
459,-0.03271379935704443,0.02576752944960036,0.036331440488956535
460,-0.030305349495328922,0.02096230353784387,0.03496670820651772
461,-0.028971660203224833,0.006939429122521184,0.03838988955164268
462,0.0009997223826254272,0.04051076583135035,0.021766276481954505
463,0.026621498722727923,0.026621498722727923,0.030828851603778008
464,-0.008277406647198293,0.028955103914877083,0.015287946941653039
465,0.028583351878744268,0.03974988438395474,0.01460867316558284
466,0.03997521538308741,0.05188900134382903,0.008071366882405619
467,0.0018050316967883552,0.013923331977366357,0.02311558334501789
468,0.043174318346071175,0.04519140349234318,0.001801779426930618
469,0.03710673062942922,0.03748171012713176,0.00021891684895816566
470,-0.015615535647778163,0.0006795468387242504,0.03367337034242491
471,0.0028530689824064807,0.004750602758597799,0.040959127974176
472,0.02334827713851291,0.02993675384058444,0.016949558313773205
473,0.002756258331573167,0.019636618788430885,0.008430097848720841
474,0.026544676851959596,0.03155496626852548,0.017153236572794973
475,-0.0266372009082801,0.00948256878496032,0.033903053277514965
476,0.0021028072126715765,0.008338948601256738,0.02578092071715271
477,-0.03952823255920962,0.0002538861911088408,0.04493439217904271
478,0.05621607904918607,0.059162924658968614,0.00746450664359534
479,-0.012748339246685532,0.004710793691485847,0.021559334922652853
480,0.05137951342419247,0.05170707798463631,0.0006206112070107067
481,0.01760109519594598,0.01764401457190467,0.008027104522691899
482,0.03653624540942038,0.04613170665705177,0.005670829761340054
483,-0.008122778968784904,0.012480757457213552,0.02072231077580242
484,-0.0035941946538781515,0.029979335997600064,0.016077483459633807
485,0.01749352046615524,0.02164026341890113,0.012874955555202931
486,0.06581439780118045,0.07216947683636651,0.005129584262052424
487,0.03677753943324542,0.04295919558602718,0.01726189011431082
488,0.005332555963326841,0.01629675244664359,0.02498961288955477
489,0.06280347049327874,0.08912663468365357,0.003723300708899162
490,-0.019614652872633087,0.0023903979787465697,0.0599408918080348
491,-0.008168819398450645,0.030584062623729768,0.017931019298675698
492,0.02347327059667951,0.024796114206698302,0.01910942419104698
493,0.013940762292296455,0.023343344599378285,0.01921709618327434
494,-0.0640119221534149,0.0009614064742724363,0.06032146596168945
495,0.04579477726738944,0.051567931639242386,0.0020122571502326795
496,-0.0009625229342286933,0.009418675291423154,0.025371157153301706
497,-0.02453066891577817,0.017116393360642405,0.03448617607116919
498,-0.03667738636282962,0.013261753665874254,0.04377903928835887
499,-0.032635958915313346,0.0048279669662577756,0.046959886184700914
500,0.07991547575176322,0.07991547575176322,0.006039649845757148
501,0.005011920418621465,0.019620192684903642,0.017650984872278643
502,0.03125172816563095,0.04087922961980159,0.010089022899943541
503,0.026943514777226008,0.03606857394677423,6.848611446695127e-05
504,0.010132000546650106,0.024871867803733433,0.012653155680688763
505,-0.028024754284660863,0.022658359919565586,0.028303776162851724
506,-0.019256072688436626,0.0360767244990169,0.01907540718353727
507,0.033324793846066694,0.041539247741034735,0.013077697702914627
508,-0.030319506427496225,0.01296560716293835,0.03414356131598388
509,-0.006470834717472245,0.01867424827798641,0.030152184415895362
510,0.00591881552078777,0.041930196262526434,0.0049347758726324175
511,-0.01314837134138127,0.009394417025828676,0.043605892180238325
512,-0.035883397081460794,0.008773207643453072,0.034977970520486325
513,0.003310931803453572,0.020076204209415745,0.027297091114527536
514,0.032712325418095274,0.03735157192705671,0.024321158829339325
515,0.037973384756531725,0.042138517915178385,0.00703762093587663
516,-0.0261907553507492,0.01307514154755463,0.028012850261724627
517,0.006680925738511329,0.02344370922394038,0.0183510233785778
518,-0.022036113320432656,0.006329676423413208,0.03291714189860486
519,0.052875375570201985,0.06453852113757116,0.00393959800408031
520,0.03861571856857567,0.05432555075564445,0.00985229644301164
521,-0.026459273640713713,0.0006241947690280545,0.025777189172305887
522,0.047654427914100746,0.047670102018130225,0.012546314147310863
523,-0.000501701090748499,0.015799541805291497,0.01507413797823074
524,0.0179045237981588,0.033327422305116185,0.005036927180240757
525,0.032193865621819216,0.035291549305743665,0.00661710111610584
526,0.02872882081523854,0.03584865275029176,0.0012372457212601344
527,-0.0014068473715699152,0.06322238082760807,0.021038915709031953
528,0.015038743858976958,0.03997402987487052,0.017979628528856963
529,0.03412456237826024,0.040529145971194364,0.02462844770332844
530,-0.001742522118712976,0.02871114871196155,0.01878015172130246
531,-0.03129604661161736,0.016990733308553708,0.03060135058069304
532,0.04427788408661606,0.05013581242435551,0.010216131877218525
533,0.019711536022660747,0.028421335192712182,0.006401111403783449
534,0.003930801649254522,0.01769981212368299,0.01967206968232472
535,-0.03205307005513179,0.0,0.05251884111938257
536,-0.021756944896827893,0.02480787460912683,0.021482459065604288
537,0.0030089165301236593,0.007225819787200994,0.02647182747737101
538,-0.016590842450318742,0.013540007035565522,0.0242579870011392
539,0.070203532871743,0.070203532871743,0.003092690466999342
540,0.027598909317742174,0.04992246487441807,0.011930885013164092
541,-0.04716311496410678,0.008571020731898258,0.09242890227210691
542,-0.002935263291349887,0.016485701419277153,0.032651494373248505
543,-0.031984032516575125,0.013785865038589003,0.04627254601052609
544,0.008186500985352146,0.02871249197596027,0.011692445198108206
545,-0.06852310942473588,0.01034324645752426,0.06791078328600775
546,-0.025700583108580668,0.02926894716705119,0.027890987054900337
547,0.03285404049126941,0.033876028123822385,0.0189615085587353
548,-0.06413453839567185,0.0060426715399008925,0.07011157292271201
549,0.007226272619404334,0.02898076519287106,0.025844617006882214
550,-0.04403116047630833,0.01789440427345457,0.0421889458677393
551,-0.07355580981909854,0.00886196404118012,0.07089918747101626
552,0.07270301522530014,0.0847223710890637,0.04610128035369672
553,-0.013079421519163774,0.048204032038472865,0.03634537742818781
554,-0.0109645089760737,0.07272494138540427,0.013833853844649233
555,0.012492646938721298,0.057124800959489776,0.004895396042545042
556,-0.029732261268094088,0.01156769031281892,0.07577699941794762
557,0.07118476237148276,0.07118476237148276,0.011644345585932282
558,0.03750439545845427,0.03750439545845427,0.022904468284951535
559,-0.031994127202792315,0.024542967996003175,0.032740346039961184
560,0.026904509930052528,0.031073458118272442,0.020300252720547907
561,-0.024974373904942598,0.030754374265715,0.02825480327944288
562,0.05622193694491772,0.05622193694491772,0.004085275837984792
563,0.035721752420158535,0.035721752420158535,0.00013446382569850127
564,0.03593709760699992,0.041941289446799764,0.0028648983409521236
565,0.019297986637348157,0.02062042256583337,0.018055758931550342
566,0.018263063956533824,0.030683599436321925,0.00045009718767164954
567,0.04593348659996633,0.046509055629778244,0.0006963229076981253
568,0.01824329092948808,0.028243374264071457,0.014189860739285612
569,-0.035562087460680465,0.007072917790463358,0.05558682778647777
570,0.021863156462417686,0.039474023840191656,0.0
571,-0.035414777968454374,0.001399990046917526,0.05448876419732803
572,0.027268796620378608,0.037463189893721986,0.01030497124141184
573,0.028306403934987158,0.03927997416843988,0.017564407258289987
574,0.01712743580783098,0.018745757520414727,0.01075132331621384
575,0.006762359692168,0.020043185392119762,0.0014713097308426803
576,-0.014114473743795498,0.0016439260647834806,0.05335690168323314
577,0.0023457380073915336,0.03518210129284795,0.018650014930441827
578,0.023002970702140753,0.02444805765882157,0.017274373766281603
579,-0.023101627733384145,0.00022274289522543746,0.026683469404174483
580,-0.02605013470431621,0.01527401219733811,0.025388718709258528
581,0.03458486246947485,0.05565024477570575,0.003664164817286004
582,0.035484222940410155,0.038618541553820294,0.005657723719858855
583,0.0337205768503593,0.0337205768503593,0.008156978032829902
584,0.01843917237281035,0.03323877313320511,0.0019492628043688833
585,0.0408152733900298,0.06167375015821879,0.0005711310228992326
586,0.023845060404026897,0.044690188957816616,0.01863378174607768
587,-0.005084622897581295,0.025666887062119018,0.03024140440282658
588,0.022138121455513644,0.027573812651937906,0.0027508014162955616
589,0.00915566289807997,0.025892370367138203,0.01092368465664895
590,0.02561951261774468,0.027910008067183533,0.002666164297000037
591,0.002986562697749068,0.08171321894715577,0.000996512289739076
592,0.07495254581845169,0.07817523632917578,0.0011921320704529766
593,-0.003973576359870891,0.05368368422876184,0.0684332141548241
594,-0.02874246886565398,0.016438223122421342,0.04861378177193789
595,-0.1103174052023289,0.0018968887117135943,0.1331024841898967
596,0.06219882793218782,0.09446921296230539,0.004024705836822451
597,0.03574965789336396,0.04563789667352042,0.04791844289353491
598,-0.07012023817114414,0.016932532545272265,0.06662478665745726
599,-0.060369818876673996,0.018019244691396458,0.08545787404660043
600,0.02368131521362687,0.03669344419927126,0.029888526924423887
601,0.05227563513595988,0.0659465471169497,0.0
602,-0.03207314252592454,0.02853476985490817,0.044321960359539586
603,0.11138121814689345,0.11288596779600729,1.0520612510171908e-05
604,0.020586633608388312,0.02279698632263758,0.02086319502983318
605,0.005241632305375791,0.02862921025470897,0.02053272845846077
606,0.005123055757010421,0.0259825415995891,0.021594016352934748
607,0.04094243621293505,0.04688079965980647,0.018443701551340105
608,0.028479599055578102,0.03924766315429362,0.0013129679333761179
609,-0.12187342407167248,9.994158660540761e-05,0.1161527247267981
610,0.07598825241645449,0.10929545043422317,0.02262884159143201
611,-0.006706933256718105,0.02985296314968113,0.04376951795968717
612,0.0382885053070171,0.03846120196576589,0.010798373634690073
613,0.0257451777887005,0.0323718849224785,0.014999209847183628
614,-0.003963406967602488,0.0023537334336590082,0.0367673286358328
615,0.07658543664323894,0.07658543664323894,0.00354251382615609
616,0.010278062915386122,0.01089759364069236,0.044169285826490864
617,0.06151280022103422,0.06405908947282318,0.011705948070811876
618,0.020262437468370424,0.02985296314968113,0.04201009963258395
619,-0.0006426505987182862,0.047398934135300975,0.01831928728266821
620,0.08552217343816193,0.10178269430994238,0.03142945093198578
621,0.016196002661493132,0.029081209300841817,0.051440824488056675
622,0.035991973346284345,0.06112927085892069,0.04095876818457025
623,-0.009191298644961089,0.06645443527046757,0.05296924029761123
624,-0.023129764122736096,0.03578420049029799,0.11257687728559586
625,-0.11262952119087984,0.038649412464176594,0.10695348637057017
626,0.06051034553435277,0.11545401915287033,0.012654324356717669
627,0.049866705032073785,0.09883786717574279,0.013320075848925911
628,-0.04756676489897817,0.013057856917456688,0.07989897147382272
629,-0.05414229916362537,0.0032379952737753475,0.11417292343228368
630,-0.02017359481224071,0.05758232144236407,0.053060633292884234
631,-0.043433358467392796,0.013087204612227022,0.07088861801472436
632,0.12656166021771634,0.16396209559839037,0.01710731648742681
633,-0.012874701783336303,0.04913773460776069,0.02975840609033523
634,0.08452071567717782,0.08819227149896666,0.02908445018437147
635,0.01791830454400521,0.043014103807799575,0.03936457389633041
636,0.05480823649499495,0.0663357416660624,0.03490125592811509
637,-0.04791228874527975,0.0030099582808136936,0.05854231892540556
638,0.052423835526545844,0.06680515308566488,0.009623315300754711
639,-0.03023077311576453,0.01073396639081539,0.08450747537519514
640,-0.03480032853789285,0.020546450277295868,0.04142138658341174
641,0.0038725192077392447,0.031105669666097995,0.036583178002823076
642,-0.0001227069146886441,0.04198941098391596,0.020944763214271606
643,0.06669137449867214,0.08252223868175543,0.004346901264189491
644,0.0153222602897766,0.03878571308569856,0.027066937450009116
645,-0.002773612849901588,0.013921078030476798,0.035592130960400946
646,0.06075131677847915,0.06887949922902156,0.0011896333367312126
647,0.041378728617319824,0.04434275368186287,0.0009596929719299144
648,-0.03224576012809187,0.017854899890549548,0.045863769756511345
649,-0.02618693642255035,0.03188743809513158,0.046928372054045264
650,0.005735015448343229,0.0396275755715879,0.01774717189634665
651,-0.016042979425297525,0.024039747331202968,0.017858572250383738
652,-0.013355606907435369,0.008733203259459785,0.05264373348542188
653,-0.10703484901881768,0.016311597673828063,0.09929739174847169
654,-0.010694997800922474,0.06145359822353789,0.030269355182426596
655,0.00821852303351975,0.10148663094906012,0.011123066919416225
656,0.02636641495889555,0.04502835974747172,0.038428853051703474
657,-0.019755535487066708,0.045440906989156,0.03342648463398297
658,-0.06349220622445031,0.002951487108473276,0.08484860307079554
659,-0.09261041537667264,0.0387682331528898,0.09292126323581838
660,-0.035759965006763664,0.07667039733139483,0.0618941193506081
661,0.0019187407010596922,0.02279111814265296,0.09215826023161552
662,-0.09170110560881417,0.060687520912621425,0.13067414149466955
663,-0.000326503961761098,0.03059209855010479,0.11933247531397444
664,0.07249721474964128,0.08547265328177525,0.04149773970190446
665,0.03755470373641254,0.09337554229079964,0.04926009748369963
666,0.0606504325975995,0.07303131512174389,0.08095362354428678
667,-0.0075305202323987476,0.03183688012402053,0.025684249199091524
668,-0.07105066392986487,0.005670439092597852,0.10646947058156538
669,-0.041424017210487524,0.014047251538266515,0.12780061094050327
670,0.014331087401196282,0.05583828163502565,0.06591503721878317
671,0.02582639955989846,0.08824735296262172,0.029918210499030647
672,0.11181792786920788,0.11837850661555145,0.0059462045276881936
673,0.024430807155844222,0.03013917761252262,0.028909443791973882
674,0.022767720866726703,0.043784035816018085,0.0046081535382664395
675,-0.030408075400691365,0.047681284841839366,0.04421949765506411
676,0.013672087968399874,0.014641549992948187,0.051175293325404145
677,-0.11674090185388833,0.000129315918969847,0.11674071370021305
678,0.026125888395536062,0.04636145221910469,0.043791203157310894
679,0.05306119348656489,0.060085808423529216,0.05457141685124653
680,-0.018429954535503553,0.01572003330418807,0.06931060102124192
681,-0.0956590062803713,0.0038222693453541894,0.11608715972568187
682,-0.08141068835863471,0.015678983277319394,0.10193075633606546
683,0.036469679781391415,0.061805197172032866,0.04774005031060772
684,0.02133704993349443,0.05318446053434358,0.04154900291287248
685,0.04076343667664648,0.09061327540338744,0.008133869276487229
686,0.010961230870777126,0.027648841509867312,0.05343243537236153
687,0.03515186715931475,0.03585798214416844,0.06191491127830322
688,0.04306571410769551,0.09063082251284088,0.005283748951173757
689,0.018368821092284566,0.04296298122176784,0.018767306851691742
690,-0.047475763326979385,0.024161560328330393,0.06119495438264833
691,0.03207951569769791,0.049864299494396795,0.020408871631207033
692,0.08195047202123312,0.09135299087716045,0.006656157966272251
693,0.050652940243622505,0.056308664050477374,0.019083373825860877
694,-0.002721412080103174,0.010519917181653777,0.0391048173639182
695,-0.05598124246738969,0.021798589617785677,0.05475294270723789
696,-0.05082845333998046,0.0330909147381186,0.048369407427759706
697,-0.03932619004075617,0.023840118188528266,0.08917887903857492
698,0.05047019261942548,0.05144755057310088,0.013890057864947349
699,-0.027962293767316793,0.0,0.07640557277750404
700,-0.09118249002935518,0.004881809942712884,0.08682141905915294
701,0.06661556505514828,0.07312132332063806,0.02301288446548892
702,-0.1088399769845609,0.030048955015635846,0.10150561999129637
703,0.026234730825065628,0.057962441679652456,0.03129614840365212
704,-0.027614570062776265,0.062129083948058494,0.03519166755488083
705,0.0687678282674744,0.07846003640880739,0.021626976394010653
706,0.01971275631714341,0.029911936590587895,0.04165808145327666
707,-0.05491405885100606,0.02345538102057917,0.06371754808478909
708,0.0039237511011067485,0.020702545288468457,0.04401779937039229
709,0.021924292368359292,0.058962935475326994,0.01714202109920442
710,-0.09375002693961479,0.0018776635833642498,0.08723423298040905
711,-0.08842696895781052,7.938713138778409e-05,0.1269501616520202
712,0.04195231816970565,0.04825311832172776,0.017623495022019136
713,-0.1085629470573814,-8.317045790128802e-05,0.09852583510362597
714,0.030763230978426502,0.053954994122411,0.07559014009527777
715,-0.008486103106307277,0.032981195399884776,0.07979373468581943
716,-0.0928472135840654,0.019215819778874325,0.10979310693095104
717,-0.054797027240634524,0.04160163481145889,0.07850183519825477
718,0.09878166194648663,0.111927806618196,0.010769394314230636
719,0.04322568787281528,0.08623347561305075,9.531466080906533e-05
720,-0.021099967383933764,0.06203950403845128,0.030263163469919918
721,0.092096665026402,0.10299250321465656,0.020643991816323554
722,-0.07355284290864628,0.006264835932121421,0.0791603979255973
723,0.06502400656112595,0.06716304480987526,0.026430077665597015
724,0.010649727916658148,0.019088596562522618,0.0552491657504653
725,0.06599402916826413,0.07735330568436621,0.022292048546950844
726,-0.03940161011708578,0.032162634844440104,0.038060549379016456
727,-0.07210406513405523,0.008627472272328462,0.07532148589576132
728,0.041605722801716656,0.04551164608287709,0.022798006236974845
729,-0.12672411334291117,0.01234479192702505,0.1259735522550346
730,0.036133085381778424,0.05129329438755048,0.03286770019731672
731,-0.07603002905882454,0.023110175489417926,0.0749858068845626
732,0.10032272162786905,0.13840642499407524,0.004902535773100591
733,0.011659041192917602,0.020426318678271806,0.05052026840721461
734,0.020456067257996376,0.03781397061935086,0.02405904140916161
735,-0.02441753818100979,0.03248022925438358,0.04425653343437068
736,-0.032982673792254266,0.0539959987354356,0.05740897133167557
737,0.034785288070370284,0.04588954831438119,0.041042261442300366
738,-0.005961000310176114,0.03007011784147313,0.03137999009792044
739,0.09408237186380122,0.09918148645696556,0.012692010690738416
740,-0.04710128769443066,0.004196328204957585,0.05743780166183108
741,-0.0501566981432571,0.004408856631241712,0.06645435976779424
742,-0.08275752480173607,0.013180654843799709,0.07642910653134044
743,-0.01883369903058398,0.04005565949955931,0.026266025608609602
744,0.039642343165658435,0.0464834355106993,0.018043653561878075
745,-0.043361149573866824,0.0015457446802983822,0.04730196924075245
746,-0.04984836666264632,0.008936035057852532,0.06395399638183402
747,-0.048880377843232826,0.01344070833348537,0.04983826978308678
748,0.0031156139590276266,0.056861181811009416,0.02182626326088641
749,-0.0624121311361082,0.010938731247856184,0.061506487771178724
750,-0.051539790226380236,0.014753055563664729,0.05704278138284016
751,0.09511094685053528,0.10826977137430412,0.005166173131367187
752,0.009801238828922924,0.03951240875575272,0.03591469432732508
753,0.013916172255340404,0.026222667533676986,0.07969770163250853
754,0.007895777653067634,0.04897441106078702,0.007709289283367869
755,-0.037176011733151305,0.03166505709696219,0.07415027980083552
756,-0.08648990344259445,0.007227880870654858,0.09588957807406168
757,-0.017063401840584073,0.04772446004450219,0.030223088153221993
758,-0.02220199839143583,0.056469335009995424,0.03276579160195317
759,-0.04272801845415456,0.00805248172469361,0.06630400281069823
760,-0.062116234930976545,0.01178690313763749,0.06696080734416583
761,0.04163026992819853,0.06842879366750021,0.04540502476206587
762,-0.11442452033582133,0.008694813959317305,0.10456256277725068
763,-0.03360224573892264,0.024477092632596054,0.06481988719087886
764,0.012629211488623351,0.06617169483603656,0.042307097555308384
765,0.024774413170970927,0.09017661652719372,0.037458604568630656
766,0.10043596755436596,0.10738611252020035,0.03442368876388328
767,-0.03194501412190525,0.030403633404445168,0.04638044304886929
768,0.09037538412628746,0.10572048815465188,0.0240224129140342
769,0.00809203178298052,0.03212211009056158,0.029542643994543313
770,0.007085292423740379,0.0073950178030488065,0.06514035614330406
771,0.0835591965562918,0.09137630974997527,-2.5814778962311403e-05
772,-0.02925016392758327,0.0008544574715250498,0.05995115243173977
773,-0.02099311363854585,0.01203003754201314,0.07589645220470477
774,0.0623039861934706,0.0733164397084663,0.016328532598765193
775,-0.015021348575521941,0.014429122057661043,0.05288733115350215
776,-0.06874284023174208,0.010907325729197347,0.06598203633597215
777,0.07949703291747444,0.08082732913395425,0.014574398058668099
778,0.05186683374754165,0.06081932539471081,0.021859303233638203
779,-0.03374883116779721,0.014909659779122649,0.049596219530617616
780,-0.056372721160449966,0.017420464966472468,0.0550184590007901
781,-0.016574590060090894,0.04987308709502118,0.026464015624717493
782,0.042191921119610565,0.05568890586058863,0.02273664046598657
783,0.04250940696506638,0.05431897926123313,0.04457676234407792
784,0.02216257420608281,0.023682314354878557,0.02609128222925831
785,-0.05129270580585879,0.006454116406465306,0.06793359670319564
786,0.04740463681641413,0.04859395108138947,0.006336561920201378
787,0.03709230047182493,0.045205126640358737,0.01882829849063068
788,0.0639230678300343,0.06400424819254914,0.010652707398684323
789,0.004919785192824656,0.009272700050378108,0.03821829527824214
790,0.01674316129547759,0.027214461162772877,0.005317661485421259
791,-0.026097272944012158,0.019763683453196287,0.03895331815197457
792,0.07085985461200149,0.07720187028411166,1.0193004541123749e-05
793,0.01927929183086578,0.030763026107329165,0.004831156083479819
794,0.014242356715543168,0.04676554842110317,0.007608833219909247
795,-0.04114726933250243,0.008776797975559513,0.06814770267848902
796,0.01612448803240858,0.041055437751557344,0.006390407554785834
797,0.02960292373819926,0.03960827231898657,0.029033640119348322
798,0.02009007298326743,0.02794304926745475,0.00864495371383444
799,0.013348956787975196,0.043649028556104495,0.0033093362343145486
800,-0.003542334557837804,0.04121795572123138,0.008100061896208594
801,-0.023881195958812024,0.011905427449381785,0.03675411515709971
802,-0.03560740529816449,0.01640119670214631,0.039985737267891786
803,-0.030203958996980192,0.005726908578175893,0.03887301052245036
804,-0.015155508854626062,0.057508775659484875,0.02216875009855748
805,-0.005928871122278698,0.01786895174442164,0.038652154434279114
806,-0.03838855206228406,0.0034627786270851556,0.045054846934766364
807,0.0492314379869918,0.0528523256344003,0.012984338474791253
808,0.012277266167232058,0.01893720101975078,0.03234695831187752
809,-0.06671274695785494,0.016710270706020252,0.076505416950029
810,-0.006932249467719217,0.014736221779986717,0.03151800739425391
811,-0.003840295993521891,0.025435721032278712,0.03205377513288424
812,0.05901240236190124,0.06970769147864905,0.020323460587866722
813,0.01847289005719478,0.029356696025898823,0.0063916831004721475
814,0.027320449818035882,0.05299627889170763,0.009829509613798018
815,-0.008422098516818109,0.041801537227519815,0.023837255288608018
816,-0.013008313513000734,0.016586941397794285,0.029310586464173522
817,0.052327706729152,0.06593953213888294,0.010577463740322469
818,-0.006876029841708206,0.022048421850757935,0.01658172364631542
819,0.056253373933409734,0.056253373933409734,0.0009195402946785818
820,-0.03261590977907427,0.0026922592144399335,0.03830382528733564
821,0.03313755819987572,0.04334172837411745,0.0015262381200329795
822,-0.04862068700607409,0.01680711831638119,0.047029545634126306
823,-0.02260973902248656,0.0072734205549593875,0.035144809291947215
824,-0.0356281448542125,0.017119744448405992,0.039977882524456276
825,-0.06782599006918351,0.0025115932831869412,0.08693077278043429
826,0.002894058867494534,0.04414118748681148,0.00526507178176986
827,0.019936184033708563,0.04273161600163451,0.02039135708318533
828,-0.0551019651341738,0.0020113105056647263,0.08334559084825281
829,-0.062438285780037996,0.012409057941562558,0.05907016420726391
830,-0.0016855344172302382,0.00872378500380747,0.04950516956243338
831,0.024967247297362827,0.04138537019459268,0.0439520926994531
832,0.03335628538707615,0.03924209232355659,0.04243314727819528
833,-0.005325928452822535,0.021940103204106817,0.03695348773515508
834,-0.07818331699259327,0.02659257426974514,0.07653495658633956
835,0.06352617370267702,0.06878868153971332,0.014736009533245014
836,0.04775482915707767,0.06506903494645669,0.005851583768502187
837,-0.001748023452016477,0.016003672138163613,0.02121244626142837
838,-0.04206552560072092,0.03648587038864908,0.05555541066231046
839,-0.00014281099135745405,0.013878185646935107,0.04090197296545121
840,0.00207492561989201,0.035596898623336884,0.021705420004665833
841,-0.0008182369088587592,0.01641881200326995,0.03722724040047049
842,-0.03852898646029112,0.029816367507447653,0.05202646584503654
843,-0.06357866800088334,0.0003515715852964195,0.06222470749570768
844,0.0032659303928769573,0.01575389522295172,0.04224031912830567
845,-0.06206768059738521,0.0014447389943739854,0.06640800749822526
846,0.052662141077502306,0.059534353951501764,0.017208934891562215
847,-0.00283777966862863,0.02352229506570961,0.03445071998322121
848,0.00611615264786411,0.02350496929735845,0.03558326888554237
849,0.02953773521302628,0.04215697396092381,0.023872398907279043
850,-0.027430686722169174,0.011956575164912284,0.049089398769908775
851,-0.03593628734542287,0.0022112541257644394,0.06311841616524123
852,-0.025771577892145372,0.0067608777952079535,0.055473937532579544
853,-0.04574218916121458,0.00656614650073469,0.06620979490833925
854,0.09076328100709169,0.09212768023786157,0.014242492765235525
855,0.009926095365580805,0.040634715286024504,0.010480345879952396
856,0.04627585655822897,0.05034899287199031,0.015144754120474623
857,-0.027013062261343018,0.013524566744558262,0.040807575643992115
858,0.024113480028466,0.03674473899250789,0.007806310838349264
859,0.035963564207534354,0.05280818135208144,0.015046580168148775
860,0.029103243018341836,0.03194027912931446,0.007732430525570357
861,-0.016359945151540035,0.0,0.04272806077472072
862,-0.051802026165312876,0.004720596512558599,0.051056678592175685
863,-0.014564222229245569,0.025808391653708466,0.02261192191321063
864,0.0202914878130253,0.03175203662756399,0.018090780136994264
865,0.02082245568231964,0.04574148279141292,0.004826891391606467
866,-0.018591764172702915,0.030492356106557483,0.02503013204782207
867,-0.004373116994920069,0.006662373121411866,0.028825713628979868
868,-0.06148462877864888,0.006135558896330405,0.06204976374961572
869,-0.0021839488503823043,0.01168220309810388,0.02831513361570635
870,-0.011909142482577512,0.02790514117897737,0.0405814687018295
871,-0.005268609832765082,0.022425084210553208,0.017891214160124843
872,0.01593474407574547,0.025860445297002273,0.026291376299306092
873,-0.05904781836098298,0.0003233308075375857,0.06313828753656128
874,-0.02770578995425343,0.00618219660547995,0.032785566571088956
875,-0.034641352945747224,0.0020191487139420102,0.06421290755660797
876,-0.036306792291352134,0.0316661912948539,0.06311212269172072
877,0.01602068226955907,0.047284249527648724,0.03604979938441076
878,-0.03984975344607608,0.040870718594399995,0.04485581851030816
879,0.015479177303771468,0.025284251875676844,0.025371495416074936
880,0.02175893420327838,0.04242132578327034,0.01021214598948271
881,0.03240179979542299,0.03588721251227512,0.002382320300091495
882,-0.037255723784264935,0.004593753090770807,0.05136423457457025
883,-0.0625576179290705,0.001385121708150516,0.06982609822958626
884,0.08030278877301751,0.08228663525049924,0.004233265010769223
885,-0.018178415128288865,0.011564083176716686,0.028814877591596778
886,0.06262277711669681,0.06460171428745477,0.004482211999214267
887,0.008780399248889815,0.011815302944043843,0.014533514616167758
888,-0.050236323268123335,0.009943140178993157,0.056881920343630744
889,-0.03688998964485566,0.013610620879277707,0.04778557267773939
890,0.013771211112906433,0.017887483399061953,0.03604110516949413
891,-0.0151514735818647,0.0004774892836501765,0.042349736400576654
892,-0.022482540436821286,0.008544559506123532,0.04389707822184334
893,0.033369924480626555,0.03871888737573125,0.019966741815482615
894,0.008279463104822474,0.028640720982285456,0.014043167821572573
895,0.008983213410820371,0.0269777386915683,0.011651118121277643
896,0.02434446339708603,0.0244281139053117,0.0026964000158574914
897,-0.06118683018565944,0.002311753365662838,0.06378535151328153
898,-0.0014387744718894597,0.007869115731648677,0.019913931874588956
899,0.01515838966602386,0.02352980701915999,0.012831088210855173
900,0.0172626742181664,0.0256196674187573,0.006688208411997289
901,0.04164348871890976,0.05458289137684465,0.029172275417422212
902,0.0737128850906875,0.10857855953206233,0.001200637790260699
903,-0.004697375031987981,0.009823674743543584,0.026521324239303864
904,0.022024211278686836,0.028746757039513723,0.015281506085943064
905,0.020366541676064723,0.03628134800237119,0.004018894186511977
906,-0.001987201108166386,0.006660956175106661,0.03506283144844541
907,0.003711997948184719,0.011204874336190633,0.028597038340074033
908,0.026948083871772076,0.04039698515060086,0.007329438823895957
909,-0.043880598603211016,0.0003833529049991424,0.052004177790392854
910,-0.006178673161977276,0.02442539111944512,0.008713104129394258
911,0.003018756301746762,0.028622872717515315,0.014420049891400591
912,0.032642748001145055,0.03971667795622543,0.0015561275650689483
913,0.013738536102160213,0.019560673019589768,0.007809938289513973
914,0.04523080750119862,0.0462387566392919,0.009273083401650657
915,0.008546719224385341,0.03853201001750421,0.0033063932692037694
916,0.005224311106701512,0.014539681216095772,0.020813353571956086
917,-0.006236059983739394,0.022464818122958242,0.010805276289413319
918,0.03639648425322936,0.039888914492156036,0.0026352272230040874
919,0.0320533343531177,0.03310428428557113,7.676743309934911e-05
920,0.02206987577712116,0.02206987577712116,0.023927850289593683
921,-0.022930566188927762,0.014665650681639966,0.04317802502808245
922,-0.0570783765225066,0.010342841172126234,0.056781554866392636
923,-0.02346940180520003,0.03156156980106579,0.02587476532394198
924,0.02587503258829484,0.031863912324731396,0.001611789434819567
925,0.04584254843767791,0.05191567968096194,0.007995793109337847
926,-0.012877081003039227,0.0026454900210981227,0.047367879653220604
927,0.01989847853513039,0.031544983921453974,0.04824683353938553
928,-0.017316263991788105,0.01847576440045705,0.022117805253618974
929,0.0026512154301466385,0.02368571227726799,0.013859818125976727
930,-0.020559400451715823,0.00376453266629315,0.04597230377856815
931,0.010741878260417856,0.02473297070134843,0.010610906779270846
932,0.05572528378355875,0.06507450686290564,1.0913515843878821e-05
933,-0.0003097093918319513,0.019118304536394334,0.014906917435780365
934,0.01862769375745736,0.031006295801503048,0.0036073216133884435
935,-0.030572785151553553,0.009772606783517601,0.04101372447427002
936,-0.012724289664373983,0.011211730139510592,0.0396727450442939
937,-0.02786915208368393,0.0023255824434754366,0.041836613496894326
938,0.016609042265413734,0.020092137832320955,0.022520978296847582
939,-0.04636407021547358,0.005411736473312977,0.049405650392392426
940,-0.03955036759095974,0.009428610991126291,0.03901630915194344
941,-0.02052647213377819,0.012264118756360206,0.027629689159702778
942,0.0021406154116344013,0.02723357690765407,0.022995341468227008
943,0.028135237566147265,0.039847393494658684,0.011750877755269921
944,0.017698766571946075,0.019104853799571622,0.04372836982746956
945,-0.03770584997228591,0.008125669811257504,0.03786640213478711
946,-0.008211314742989775,0.010957247880421963,0.04453629223375171
947,-0.016386151251591936,0.007704499242445614,0.03449342521018308
948,-0.021965756449711164,0.009938014774521326,0.042013994215299555
949,0.027157382027873055,0.04438091009746253,0.007833050595024205
950,0.010410100046670574,0.03779461344161035,0.0039688539438135755
951,-0.05628383966719282,0.0012476607981552772,0.06559690502861394
952,-0.058640791809688654,1.2578220810814409e-05,0.06198658970796222
953,-0.031226503069659624,0.030530826769974418,0.031173333421481365
954,0.051232055946717175,0.05191166127902335,0.0009490602952967796
955,-0.015348130520526629,1.3073689853065177e-05,0.04232643824224268
956,-0.014792100768596295,0.010183750563368068,0.04177104219992007
957,-0.046441742218109205,-5.3896733871020194e-05,0.050163550320216556
958,0.055388637307669394,0.06489131704879793,0.0047873929790923355
959,0.004835721758333365,0.014740262378655155,0.028695618154324285
960,-0.013109152657467338,0.009917698947898849,0.025663436187128477
961,0.042920292441287755,0.04633271567345799,0.004942791989777808
962,-0.04474288108923632,0.002370615795129331,0.04324030747504253
963,0.014067557672451367,0.03768806395832369,0.00555244918706395
964,0.009951865433683805,0.031165367788502294,0.003531789745827264
965,-0.0534470269770841,0.011978462981193249,0.05364716900050437
966,-0.06643799427826479,0.01113486485862486,0.07598760114343621
967,-0.0024229103113494388,0.016096956675881454,0.017177469586544
968,-0.024416369290952124,0.026392491121304134,0.024883888903016696
969,-0.01802354520569987,0.008273193726902921,0.028152560721609245
970,-0.022851944962657626,0.00790334552403027,0.050300064316025586
971,0.02723665973829375,0.047347222559572875,0.012681799785121673
972,-0.0028486519139705045,0.04061484258083151,0.002840560141430478
973,0.007352747142215194,0.01889021847375808,0.022959214735249544
974,0.03328318355761299,0.052771977744743355,0.01933151477119402
975,-0.013805314099372173,0.019269782512932956,0.02317558204512582
976,-0.012790112532038602,0.029681593662886353,0.014162526063817711
977,-0.061684813352471515,0.00016815072459078903,0.06884609865433924
978,-0.012204450800251522,0.01454436085770927,0.03814194009657906
979,-0.029736751673592247,0.029789057219189025,0.04037352105120496
980,0.03951545911309157,0.054961967351002124,0.023843165538394592
981,0.025793245068415262,0.03302640655501989,0.010781120110372409
982,-0.03611528313796131,0.004548596115935456,0.03819500244700438
983,0.0007408322353891638,0.019683138900137027,0.014242622881781864
984,-0.03200513940740522,0.003154732246222278,0.04764144400343914
985,0.08313961265890274,0.1063540577167041,0.0025625157209114157
986,-0.015934771147972055,0.008392746527232195,0.02093547710117254
987,0.05453705062720143,0.05966903770141203,0.0030457842639171396
988,0.011740647107054492,0.012186611140014302,0.03443849189645396
989,-0.016566474599580137,0.00879328261820697,0.029376173813730973
990,-0.00743497848751809,0.004040861059109419,0.028552932134231445
991,0.019052792687698217,0.04079518940924988,0.008341596863308093
992,-0.039361182950264514,0.01890186008827157,0.0388194827847623
993,-0.012673573886190762,0.0,0.02666947411542192
994,-0.01783049935377617,0.0040101050655638555,0.04208531958448965
995,0.0026404451286105002,0.015770639877211445,0.018369823779476605
996,0.046952877716978425,0.051820547808937786,0.008212683435747475
997,0.018402368558123168,0.03196310808105174,0.0004268683176078732
998,0.10237843962472264,0.11366599950340432,0.0
999,0.001728258804801861,0.021651903999176336,0.017189482806269665
1000,-0.008916289862280255,0.02337330666266373,0.022173324979924837
1001,0.0179543364385622,0.028592734643617883,0.006363355642171639
1002,-0.03338536554225254,0.027063609389023302,0.03403968830193623
1003,0.020332633632895315,0.04600592495129948,0.0015331600597084643
1004,0.04246874840067698,0.05750449448019111,0.0012182742623546143
1005,0.012462104622836473,0.014127405274138966,0.013602494400912782
1006,0.049901282513498534,0.049901282513498534,0.00179328590757585
1007,0.02084477459618323,0.02278991742563279,0.010675826252864826
1008,-0.028066790195775106,0.015997118085875964,0.027300503756687595
1009,0.018380409119632686,0.023289339255565193,0.008197268633125757
1010,-0.0484091006116203,0.0022890197332751335,0.05205286592928756
1011,0.03876194415587565,0.04840910061162033,0.01059224317685259
1012,0.007680722481966285,0.012333209274309595,0.018867573784992826
1013,-0.02260014627435649,0.0013752569714428275,0.04876446301471315
1014,-0.03144170806449205,0.016841729203486585,0.03747292308169992
1015,-0.03693946891697791,7.653354086164282e-05,0.036127983412718605
1016,0.005649061416093296,0.0152701530575555,0.015093783474687986
1017,-0.03972361008712501,0.015035323631291954,0.0407235414184684
1018,0.014668660706835104,0.030932664271590388,0.0025166880555449163
1019,-0.0590519512313551,0.0013621132390089362,0.06290592559861757
1020,-0.0051384476713177765,0.023850733788654058,0.013508914996703189
1021,-0.0026801554970546926,0.02848581166830888,0.014599633632145392
1022,-0.06455968355043333,0.003327502476051449,0.07904995997976094
1023,-0.03850128844044657,0.009451446321479082,0.047680663378586376
1024,-0.006821144629627567,0.021015698526721825,0.019592786713087916
1025,0.03430354943280586,0.06523882664427115,6.44163875512526e-05
1026,-0.049933812859987686,0.017110522277741368,0.0627414949942799
1027,0.0004742785739522222,0.013227792080792953,0.017030384355968042
1028,0.0267641944256443,0.06081696279912091,0.007444425430759717
1029,0.03242054233280271,0.0415329914831176,0.01452335553942533
1030,-0.0833926863652969,0.001555294086948735,0.07978068749648379
1031,0.005375747306448903,0.016822997688330718,0.018443121074212226
1032,0.04848764983639721,0.04942547535645409,0.0034927851355872914
1033,0.00160149196058376,0.028619630590046255,0.0006488032687256287
1034,0.019213583544716136,0.052090659707835205,0.0040623729692399
1035,-0.027454249719378328,0.006832310280273934,0.0335838484239103
1036,0.04523509812015467,0.05007978834977236,0.004082159004640891
1037,-0.01382450262251472,0.010860178886686105,0.037174544300797134
1038,-0.017352896562040754,0.014175693238646474,0.022673445131044967
1039,0.011591608487578288,0.015473735097109503,0.018266060894461207
1040,0.04915348911568602,0.06394458992850094,0.003265182097095661
1041,-0.04966755986625639,0.022649115636374402,0.04981692894528309
1042,0.0050978491217132955,0.011202732654657733,0.02574972304745016
1043,0.02276047521823031,0.02276047521823031,0.013962987693044245
1044,0.02705897955101965,0.029960371160505594,0.0059227199997078876
1045,-0.005427682606709318,8.943683315713488e-07,0.03236152672107648
1046,0.041281604452955006,0.055214680857745016,0.003109363161367102
1047,-0.000768705196718492,0.015797715408475833,0.00518043950310898
1048,-0.028792373817250565,0.006798161306649982,0.030848900986521325
1049,0.03204820056606257,0.039824839262688934,0.002386199245240827
1050,0.03075015167160273,0.032125667706912775,0.0023959917607589898
1051,0.003435248998320617,0.022349884308803504,0.004669055447249102
1052,0.0006993438794195208,0.006658169203103813,0.014300550142196332
1053,0.01067603963648317,0.01635602894162153,0.006680763418203361
1054,-0.04638440218725561,0.0041414651747816965,0.05948314481298676
1055,-0.0487454157673154,4.261757123111276e-05,0.04706228559015822
1056,-0.041743469617029266,0.004019178353929569,0.0582466748914557
1057,0.010673450439059155,0.01676331363909744,0.01958854096367643
1058,-0.016334681550762894,0.007709618451637982,0.026779995483182276
1059,-0.0018628829971137403,0.010114613804520863,0.04202054402511682
1060,-0.026017134007220142,0.0027539605563680885,0.02634986689228745
1061,0.030129631300770024,0.03562299629284194,0.007705716460970355
1062,0.006362066957846029,0.028945180192092614,0.008251987431151473
1063,0.0062910301693485,0.018892539740861906,0.0121751623399491
1064,-0.023888994069135094,0.0018011781800618871,0.04328740387717958
1065,-0.010613671998216164,0.007436731939846665,0.03667307423511847
1066,0.04220799966264131,0.048898007165323706,4.784727151845816e-05
1067,0.02991457211043168,0.0367470989126198,0.010086420277602483
1068,0.0016754769019205185,0.01505227394355924,0.03449397314895036
1069,-0.020338770995530577,0.005304425147387976,0.024873264745139755
1070,-0.016786361643398497,1.5119100716004967e-05,0.042346662801480486
1071,0.030898379177383382,0.03638411741420971,0.011465385858351294
1072,-0.010248969678121585,0.017484577596624775,0.024474068764101208
1073,-0.00013760482533372898,0.003473034876044375,0.02755486292620146
1074,-0.025969475128447248,0.003190307632860276,0.0317533689756666
1075,0.019170111794988013,0.02747668546568939,0.003549331668599639
1076,0.007889771729393789,0.022143240523708883,0.01037998517420804
1077,-0.014554535668211462,0.00987738384953309,0.019740555499321515
1078,-0.043991771228321326,0.0016779807155800042,0.04446238315831175
1079,0.0069793051247340025,0.013516824263487404,0.007596985043643223
1080,0.10434788146712944,0.13854888532301024,0.002752861390107804
1081,-0.006477322824173164,0.10578362249925076,0.021705322330153275
1082,-0.005416163739989501,0.01977164186074031,0.03236802954642599
1083,-0.02215481521599443,0.0018470956794153538,0.0401180463128679
1084,-0.024867288818026342,0.0032877065078466628,0.029823862378704064
1085,-0.003941318643270032,0.008354723046054781,0.014187630851765587
1086,-0.007766347903292923,0.007103023268246394,0.017551843017279557
1087,-0.018317936933377556,0.010498424157976815,0.017988417193488475
1088,-0.01935935582070875,0.005274675950131252,0.020307226036215008
1089,0.00814223228477429,0.026525505202979503,0.007132019580674701
1090,0.021796356726034992,0.0296729080560486,0.0024423884506800005
1091,0.0030405436552425353,0.020901293444239823,0.002801316901866433
1092,-0.015056065224144644,0.000769183472789151,0.021331665519860824
1093,-0.047773620657454385,0.015548410799133737,0.04592332130368551
1094,-0.02009502361721614,0.009800722584776746,0.03892317215094498
1095,-0.016436509306340427,0.004720648638323237,0.04938872636454106
1096,-0.07483388796759659,0.003105671615189345,0.06993860513806209
1097,0.020685454252129937,0.056687122161229,0.004951907280282923
1098,0.01896423168697646,0.03046494923238172,0.0036179359937528817
1099,-0.05897762237977464,0.003006093553982354,0.07051872896346993
1100,-0.05621409767423714,0.010126715859568647,0.053734938197434044
1101,-0.024923283812541507,0.01758485040270207,0.040060725749698343
1102,-0.0906766922525697,0.0008098313968798314,0.08486552956215081
1103,0.022129309190286914,0.05465180678255255,0.021565183245061178
1104,0.01978051070431173,0.08535787703712838,0.007929090596121059
1105,-0.045175074519996514,0.012195917523576764,0.08140445202809778
1106,0.03588122804660461,0.06308990197747148,0.01814523686077457
1107,-0.014507578373710877,0.013834486568385861,0.04178658453275938
1108,-0.05891375741280541,0.012229722011125948,0.0564176730653376
1109,0.0037582327531954047,0.03762909946374007,0.027117988488437845
1110,-0.03749252238860685,0.04140636336103784,0.04763529820902361
1111,-0.05796265216278947,0.0,0.08383259911854897
1112,-0.039138684970984876,0.008069237116619768,0.05245220433231391
1113,0.04234896060123312,0.0641912477649288,0.03632438852530119
1114,0.04909777070465129,0.06610830594554142,0.035307118353727025
1115,-0.05172589311092085,0.010825901236639344,0.05431505901369209
1116,-0.01296321523695444,0.009619575073202274,0.06288450978387244
1117,-0.039529391688575985,0.00941441556826692,0.04994789716744029
1118,0.011744411976217055,0.041344975839124616,0.01739496118332061
1119,0.08625555226982021,0.09297855015820408,0.00018447510297267913
1120,0.06182994813954372,0.0718257345712556,0.014140364526649568
1121,-0.025598745992678428,0.01080553950128542,0.051516006982413945
1122,-0.021590355001539507,0.0454468288674019,0.02559874599267865
1123,-0.03708622843196166,0.04011838750435306,0.041307937903122385
1124,0.023412031917730836,0.029192394833230363,0.023025483787675955
1125,0.025987873295451484,0.054021453632564394,0.0010381083220465772
1126,-0.04996878268489981,0.01030212810974914,0.06138575691313692
1127,-0.044106574982690536,0.011634473452947219,0.05107431398171033
1128,0.03892232445005291,0.06709665549904256,0.020980685157252522
1129,-0.06069612399961348,0.0005221218154192885,0.06522219685331504
1130,0.015392785991125776,0.03594568830006488,0.025103737189467956
1131,-0.03250362162159405,0.0017159798293180132,0.05330407424523682
1132,-0.08983059652398848,0.002684565370668983,0.08353536055952511
1133,-0.011565267852396142,0.02448888553227462,0.012043407770261846
1134,0.009681362903363855,0.07690484436808868,0.024596100556951352
1135,0.0052015339810795175,0.04485392606211503,0.003764267472754228
1136,0.034679058243555036,0.10781668138244527,0.027635809905631768
1137,-0.014024478946394244,0.0702123729997948,0.014221355408527208
1138,-0.01605907484669562,0.034234552011758776,0.024644291722995492
1139,0.03256954979039038,0.053949330497698636,0.013220954921429658
1140,-0.047921173205977816,0.007517345775945676,0.06679253836610186
1141,-0.018751390515651164,0.003489992007642897,0.043822938708411655
1142,0.018869894989333783,0.020350017221599626,0.028950447236653225
1143,0.03904295117610002,0.06436075916039001,0.02792726920032938
1144,0.012570235161787355,0.06475217352594936,0.002430190354887709
1145,0.07203797162580083,0.08736533564579761,0.0021078377181575334
1146,0.0329558922860137,0.05676274639327123,0.005169994282356321
1147,-0.028515387653807223,0.006076939057824245,0.0416217796860944
1148,0.08758242157159336,0.09753724416061764,0.00853807722212223
1149,-0.034394860515542885,0.02613526704498214,0.03935294722982817
1150,0.025810087635009502,0.0607627127458972,0.0035769387505413127
1151,-0.026428096430403916,0.006002707229074833,0.05853287790846503
1152,0.03577664718418894,0.041652510080836314,0.02570534415840988
1153,0.033687593573269815,0.044950601303300565,0.03707293850716007
1154,-0.0890918091933587,0.007606696526920137,0.0861055249508238
1155,-0.005259177735059144,0.004353248530010592,0.0379308468672069
1156,-0.020385872947880686,0.011443675914506067,0.03303839638814515
1157,-0.02064573022052506,0.010449738617173285,0.04527261911883974
1158,0.05059381098320645,0.07845076548617261,-7.334251042677285e-05
1159,-0.002488970625348217,0.029004037499379576,0.03542288810200866
